Име,Опис,Линк до слика на продукт,Линк до продукт,Цена,Намалена цена,Валута,Достапни величини,Достапни бои
1960 Logo T-shirt F83513,Лесна маичка изработена од органски памук и рециклиран полиестер.,https://www.scout.mk/wp-content/uploads/2024/03/1960_Logo_T-shirt_W_83513-243_A_MAIN_FJR-6-600x600.png,https://www.scout.mk/product/1960-logo-t-shirt-f83513/,3090,3090,МКД,"['l', 'm', 's']","['green', 'orange']"
Abisko Lite Fleece Jacket F87142,Лесен флис што се пакува совршен за еднодневни патувања.,https://www.scout.mk/wp-content/uploads/2024/03/Abisko_Lite_Fleece_Jacket_W_87142-534_A_MAIN_FJR-6-600x600.png,https://www.scout.mk/product/abisko-lite-fleece-jacket-f87142/,9290,9290,МКД,"['l', 'm']","['green', 'navy']"
Abisko Midsummer Jacket F89826,"Лесна, дишлива и јакна што може да се пакува, совршена за пешачење во топла клима.",https://www.scout.mk/wp-content/uploads/2024/03/Abisko_Midsummer_Jacket_W_89826-534-555_A_MAIN_FJR-2-600x600.png,https://www.scout.mk/product/abisko-midsummer-jacket-f89826/,14290,14290,МКД,"['l', 'm', 's']","['green', 'navy']"
Abisko Midsummer Trs F89827,"Лесни, дишливи женски трекинг панталони. Совршени за топла клима.",https://www.scout.mk/wp-content/uploads/2024/03/Abisko_Midsummer_Trs_W_Reg_89827-534-555_A_MAIN_FJR-3-600x600.png,https://www.scout.mk/product/abisko-midsummer-trs-f89827/,11790,11790,МКД,"['36', '38']",['navy']
ACTIVATE THERMIC PANTS W,Женски термо панталони,https://www.scout.mk/wp-content/uploads/2025/02/A61879-6000.jpg,https://www.scout.mk/product/activate-thermic-pants-w/,8590,8590,МКД,"['36-r', '40-r', '42-r']",['black']
ADEN DOWN PARKA,"Полнета Јакна
Екстра топлотна изолација
Водоотпорна и дишлива
Сите шавови се залепени",https://www.scout.mk/wp-content/uploads/2022/11/54429_483-600x600.jpg,https://www.scout.mk/product/aden-down-parka-w-54429/,17890,17890,МКД,"['s', 'xl']","['green', 'navy']"
AUSTER SKIRT W,"Здолниште со мека и удобна конструкција на половината, минималниот дизајн дава максимална слобода на движење, а внатрешниот мрежест гајтан е подобрен за да гарантира удобност за време на активноста",https://www.scout.mk/wp-content/uploads/2025/04/Q59999411.jpeg,https://www.scout.mk/product/auster-skirt-w/,3690,3690,МКД,"['l', 'm', 's']",['black']
BERGBLICK T W A60069,Маичка од органски памук,https://www.scout.mk/wp-content/uploads/2024/11/A60069_A0028_9-A100-bergblick-t-w-panna-cotta-30-600x865.jpg,https://www.scout.mk/product/bergblick-t-w-a60069/,2790,2790,МКД,"['l', 'm', 's']",['stilston']
BRENTA JACKET W,"Полнета Јакна / Монтка со капуљача
Ветероодбивна и водоодбивна
Полнење: Пердув",https://www.scout.mk/wp-content/uploads/2022/10/27884-1570-600x600.jpg,https://www.scout.mk/product/brenta-rds-dwn-w-jkt-27884/,15390,15390,МКД,"['38', '40']","['black', 'blue', 'red']"
CLASSIC CHECK LS SHIRT,"Кошула
изработена од органски памук",https://www.scout.mk/wp-content/uploads/2022/11/62930_495-600x600.jpg,https://www.scout.mk/product/classic-check-ls-shirt-w-62930/,6190,6190,МКД,['l'],['green']
Compass T-Shirt Q31,Мултифункционална стреч маица со дополнителна заштита од триење на ранецот дишлива и лесна,https://www.scout.mk/wp-content/uploads/2024/03/Q31323322-600x600.jpg,https://www.scout.mk/product/compass-t-shirt-q31/,3690,3690,МКД,"['l', 'm']","['red', 'turquoise']"
CONNIE V,Женски поларен блејзер,https://www.scout.mk/wp-content/uploads/2025/02/RWL209_3G2_P_A-1-600x600.jpg,https://www.scout.mk/product/connie-v/,3690,3690,МКД,"['10', '12', '14', '16']","['navy', 'violet']"
CORINNE IV W,"Хардшел Jакна
Водоотпорна и ветероотпорна
Водоотпорност: 5.000 mm
Дишливост: 5.000 > g/m²/24h
Поставена со мрежа",https://www.scout.mk/wp-content/uploads/2024/08/Web-700x700-RWW304_F1N_P_1.jpg,https://www.scout.mk/product/corinne-iv-w-rww304-2/,4890,4890,МКД,"['10', '12', '14', '16', '18']","['blue', 'orange', 'pink', 'sky', 'violet']"
Crosstrail Graphic T W 1807213,"Мултифункционална техничка маица, изработена од вештачки брзосушечки материјал за поудобни спортски ативности",https://www.scout.mk/wp-content/uploads/2023/07/1807213_2184_A020-600x600.png,https://www.scout.mk/product/crosstrail-graphic-t-w-1807213/,2490,2490,МКД,"['s', 'xs']",['orange']
DAYHIKE TRS IV W,"Панталони
Водоодбивни и ветероотпорни
Изработени од многу дишлив (10.000g/m2/24hrs) и стреч материјал",https://www.scout.mk/wp-content/uploads/2023/12/RWJ271_800_P_A-600x600.jpg,https://www.scout.mk/product/dayhike-trs-iv-w-rwj271/,5290,5290,МКД,"['12', '14', '16']",['black']
Defy T-Shirt W Q11,"Мултифункционална стреч маица, брзосушечка и изработена од полиестер",https://www.scout.mk/wp-content/uploads/2022/04/Q11624624-600x600.jpg,https://www.scout.mk/product/defy-t-shirt-w-q11/,3990,3990,МКД,"['l', 'm']",['blue']
ENDRA,Флис,https://www.scout.mk/wp-content/uploads/2024/12/RWA637-800.jpg,https://www.scout.mk/product/endra-w-rwa637/,3990,3990,МКД,"['12', '14']","['black', 'white']"
Essential T W 1808352,Маица изработена од памук,https://www.scout.mk/wp-content/uploads/2023/07/1808352_2183_A020-600x600.png,https://www.scout.mk/product/essential-t-w-1808352/,2490,2490,МКД,['xs'],['pink']
Expedition X-Lätt Vest F86366,Лесен елек што може да се пакува со синтетичко полнење за пешачење и живот на отворено.,https://www.scout.mk/wp-content/uploads/2024/03/Expedition_X-Latt_Vest_W_86366-614_A_MAIN_FJR-6-600x600.png,https://www.scout.mk/product/expedition-x-latt-vest-f86366/,11290,11290,МКД,['l'],['green']
FILANDRA IX,Кратка Маица,https://www.scout.mk/wp-content/uploads/2024/12/RWT327-540.jpg,https://www.scout.mk/product/filandraix-w-rwt327/,1590,1590,МКД,"['10', '12', '14', '16']","['green', 'stilston']"
FILANDRA VIII W,Маица изработена од памук,https://www.scout.mk/wp-content/uploads/2024/08/RWT297-7LE-48-600x600.jpg,https://www.scout.mk/product/filandra-viii-w-rwt297/,1890,1890,МКД,"['10', '12', '14', '16', '18', '8']","['black', 'navy', 'violet', 'white']"
Fitz Roy Jkt W MIV8629,"Хардшел Jакна со DRYEDGE™ MICRO RIPSTOP 2.5L
Водоотпорна и ветероотпорна со вентилациски отвори под пазувите
Водоотпорност: 10.000 mm
Дишливост: 10 000 g.m².24h",https://www.scout.mk/wp-content/uploads/2021/05/MIV8629-9162-600x600.jpg,https://www.scout.mk/product/fitz-roy-jkt-w-miv8629/,10290,10290,МКД,"['l', 'm']",['turquoise']
Fitz Roy Jkt W MIV9707,"Хардшел Jакна со DRYEDGE™ MICRO RIPSTOP 2.5L
Водоотпорна и ветероотпорна со вентилациски отвори под пазувите
Водоотпорност: 10.000 mm
Дишливост: 10 000 g.m².24h",https://www.scout.mk/wp-content/uploads/2023/03/MIV9707_9447_C3E_0.webp-600x600.png,https://www.scout.mk/product/fitz-roy-jkt-w-miv9707/,11590,11590,МКД,"['l', 'm', 's']","['berry', 'blue', 'turquoise']"
Fjällräven Logo Tee F87146,Удобна маица изработена од мешавина на органски памук/рециклиран полиестер и лого на предната страна.,https://www.scout.mk/wp-content/uploads/2024/03/Fjallraven_Logo_Tee_W_87146-133_A_MAIN_FJR-6-600x600.png,https://www.scout.mk/product/fjallraven-logo-tee-f87146/,3090,3090,МКД,"['m', 's']",['yellow']
Florell Box T W 1809051,Маица изработена од памук,https://www.scout.mk/wp-content/uploads/2023/07/1809051_1282_A020-600x600.png,https://www.scout.mk/product/florell-box-t-w-1809051/,2490,2490,МКД,"['s', 'xs']",['blue']
FLOREO IV,Женски спортски флис поларен,https://www.scout.mk/wp-content/uploads/2025/02/RWA528-61I.jpg,https://www.scout.mk/product/floreo-iv/,3090,3090,МКД,"['10', '12', '14', '16', '18', '20', '8']","['bordeaux', 'grey', 'navy', 'pink', 'sky', 'white']"
Fox Boxy Logo Tee F87153,Удобна маица изработена од мешавина на органски памук/рециклиран полиестер и лого на предната страна.,https://www.scout.mk/wp-content/uploads/2024/03/Fox_Boxy_Logo_Tee_W_87153-620_A_MAIN_FJR-6-600x600.png,https://www.scout.mk/product/fox-boxy-logo-tee-f87153/,3090,3090,МКД,"['l', 'm']",['green']
FRITHA II,"Градска јакна, термогард изолација",https://www.scout.mk/wp-content/uploads/2022/10/RWN219_MWM_P_1-600x600.jpg,https://www.scout.mk/product/fritha-ii-rwn219/,7490,7490,МКД,['10'],['red']
GEO SSHELL TRS II,"Софтшел Панталони
Дишливост 10.000 g/m²/24 часа
Водоотпорна и ветроотпорна мембрана, издржлив водоотпорен финиш.
Еластичен струк и повеќе џебови.",https://www.scout.mk/wp-content/uploads/2022/10/RWJ113R_800_P_3-600x600.jpg,https://www.scout.mk/product/geo-sshell-trs-ii-rwj113r/,5190,5190,МКД,"['14', '16']",['black']
GLAABACH 3IN1 JKT W,Женска хибридна јакна 3 во 1,https://www.scout.mk/wp-content/uploads/2025/02/A61887.jpg,https://www.scout.mk/product/glaabach-3in1-jkt-w/,15390,15390,МКД,"['l', 'xl']",['grey']
Go Hike Jacket W 1113972,"Хардшел Jакна
Водоотпорна и ветероотпорна
Водоотпорност: 20.000 mm
Дишливост: 15.000 > g/m²/24h",https://www.scout.mk/wp-content/uploads/2023/05/1113972_1283_A020.tif-600x600.png,https://www.scout.mk/product/go-hike-jacket-w-1113972/,12990,12990,МКД,"['l', 's']",['turquoise']
Go Hike Softshell W 1306862,"Софтшел Јакна со капуљача
Водоодбивна и ветероодбивна
Изработена од средно дебел софтшел материјал",https://www.scout.mk/wp-content/uploads/2023/05/1306862_1281_A020.tif-600x600.png,https://www.scout.mk/product/go-hike-softshell-w-1306862/,9590,9590,МКД,"['l', 's']","['blue', 'orange']"
Go Hike W 1306861,"Софтшел Јакна со капуљача
Водоодбивна и ветероодбивна
Изработена од многу дишлив и лесен стреч материјал",https://www.scout.mk/wp-content/uploads/2022/05/1306861_2178_A020-2-600x600.jpg,https://www.scout.mk/product/go-hike-w-1306861/,7590,7590,МКД,['m'],"['pink', 'red']"
Hazy Mtn Ts W MIV9077,"Функционална Маица
Изработена од многу лесен материјал кој не развива миризба при потење
100% полиестер",https://www.scout.mk/wp-content/uploads/2021/05/MIV9077-8737-600x600.jpg,https://www.scout.mk/product/hazy-mtn-ts-w-miv9077/,2290,2290,МКД,"['m', 's']",['orange']
High Coast Lite Dress F83502,Лесен летен фустан за топла клима.,https://www.scout.mk/wp-content/uploads/2024/03/High_Coast_Lite_Dress_W_83502-560_A_MAIN_FJR-6-600x600.png,https://www.scout.mk/product/high-coast-lite-dress-f83502/,7490,7490,МКД,['s'],['green']
High Coast Lite Shorts F89431,Лесни и растегливи кратки панталони кои брзо се сушат за секојдневна употреба и патување во топла клима.,https://www.scout.mk/wp-content/uploads/2024/03/High_Coast_Lite_Shorts_W_89431-018_A_MAIN_FJR-3-600x600.png,https://www.scout.mk/product/high-coast-lite-shorts-f89431/,6190,6190,МКД,"['36', '38', '40']","['green', 'grey']"
HIGHLOFT GLOVE WOMEN A63073,Топли софтшел ракавици кои не пропуштаат ветер и вода,https://www.scout.mk/wp-content/uploads/2024/11/A63073-6000-600x865.jpg,https://www.scout.mk/product/highloft-glove-women-a63073/,2990,2990,МКД,"['l', 'm', 's']","['black', 'navy']"
Highloft Knit Mitten 1908001,Ракавици плетени со ситетичко крзно,https://www.scout.mk/wp-content/uploads/2020/11/1908001-1910-600x600.png,https://www.scout.mk/product/highloft-knititten-1908001/,2590,2590,МКД,"['m', 's']",['navy']
Innominata Light ML Jacket Women 1014-04480,"Флис,Изработен од стреч материјал со лесна до средна топлотна изолацијаДишлив и отпорен на триење погоден за различни активност",https://www.scout.mk/wp-content/uploads/2023/12/1014-04480-6429-600x600.jpg,https://www.scout.mk/product/innominata-light-ml-jacket-women-1014-04480/,6290,6290,МКД,['l'],['violet']
Kiruna Jacket W 1704513,"Флис
Високо дишлив и топол полар",https://www.scout.mk/wp-content/uploads/2023/07/1704513_1010_A020-600x600.png,https://www.scout.mk/product/kiruna-jacket-w-1704513/,4990,4990,МКД,"['l', 'xl']",['navy']
Lapiaz Pant W MIV9620,ПанталониТопли и растегливи идеални за поладни условиВодоодбивни и отпорни на триење,https://www.scout.mk/wp-content/uploads/2022/11/MIV9620-0247-600x600.jpg,https://www.scout.mk/product/lapiaz-pant-w-miv9620/,7790,7790,МКД,"['40', '42']",['navy']
LARAINE,"Материјал:
R-TEX
PrimaLoft
Флис
Микрофибер
Карактеристики:
Touch Tec",https://www.scout.mk/wp-content/uploads/2022/12/6035222-6000-600x600.jpg,https://www.scout.mk/product/laraine/,3190,3190,МКД,"['7', '7-5']",['black']
LEGITIMATE,Лесни брзосужечки хеланки,https://www.scout.mk/wp-content/uploads/2023/05/DWJ475_R73_P_1-600x600.jpg,https://www.scout.mk/product/legitimate-dwj475/,2790,2790,МКД,['8'],['navy']
LOREDANA,"Материјал:
PrimaLoft® Gold
Карактеристики:
TOUCH-TEC
Силиконски грип",https://www.scout.mk/wp-content/uploads/2022/12/4935198-4509-600x600.jpg,https://www.scout.mk/product/loredana/,2990,2990,МКД,"['6-5', '7-5']",['black']
Magma Sh Hd W MIV9589,"Софтшел јакнаВодоотпорна: 5 000 mm, ветроодбивна и дишлива: 3 000 g/m²/24h од растеглив материјал",https://www.scout.mk/wp-content/uploads/2023/12/MIV9589-9845-600x600.png,https://www.scout.mk/product/magma-sh-hd-w-miv9589/,11590,11590,МКД,"['l', 's']",['sky']
Mammut Core T-Shirt Women Logo 1017-03902,"Лесна, тенка и удобна маица 50% органски памук 50% полиестер",https://www.scout.mk/wp-content/uploads/2023/12/1017-03902-6429-600x600.jpg,https://www.scout.mk/product/mammut-core-t-shirt-women-logo-1017-03902/,2590,2590,МКД,['l'],['violet']
Multisport Sock Wmn 3I63466,Мултифункционални чорапи,https://www.scout.mk/wp-content/uploads/2022/07/3I63466_19HL_A-600x600.jpg,https://www.scout.mk/product/multisport-sock-wmn-3i63466/,790,790,МКД,['36-38'],['pink']
NORD GRAPHIC HOODIE W,"Дуксер со капа
80% памук 20% полиестер",https://www.scout.mk/wp-content/uploads/2022/11/62981_406-600x600.jpg,https://www.scout.mk/product/nord-graphic-pullover-hoodie-w-62981/,4690,4690,МКД,['l'],['green']
Pacer T-Shirt Q55,"Мултифункционална стреч маица, дишлива и лесна изработена од полиестер",https://www.scout.mk/wp-content/uploads/2024/03/Q55323322-600x600.jpg,https://www.scout.mk/product/pacer-t-shirt-q55/,3690,3690,МКД,['m'],['red']
PACER TANK W,"Лесна маичка, мека на кожата со Polygiene® за повеќе да се носи и помалку да се мие.",https://www.scout.mk/wp-content/uploads/2025/04/Q54645643.jpeg,https://www.scout.mk/product/pacer-tank-w/,3090,3090,МКД,"['l', 'm', 's']",['blue']
PACK IT JKT III W,"Хардшел Jакна
Водоотпорна и ветероотпорна
Водоотпорност: 5.000 mm
Дишливост: 5.000 > g/m²/24h
Непоставена",https://www.scout.mk/wp-content/uploads/2024/08/RWW305-25810-600x600.jpg,https://www.scout.mk/product/pack-it-jkt-iii-w-rww305/,2990,2990,МКД,"['10', '12', '16', '18']","['turquoise', 'violet']"
Parana Pants W 1111861,"Полнети Хардшел Панталони
Екстра топлотна изолација
Водоотпорност: 20.000mm
Дишливост: 15.000 g/m²/24h",https://www.scout.mk/wp-content/uploads/2022/10/1111861_1388_A160-600x600.png,https://www.scout.mk/product/parana-pants-w-1111861/,10590,10590,МКД,"['34', '38']",['grey']
Park Avenue Jacket 1107743,"Јакна
Водоотпорна и ветероотпорна
Водоотпорност: 10.000 mm
Дишливост: 6.000 > g/m²/24h
Робусна и добро поставена и полнета со синтетичко полнење",https://www.scout.mk/wp-content/uploads/2022/10/1107743_1010_A020-600x600.png,https://www.scout.mk/product/park-avenue-jacket-1107743/,14990,14990,МКД,['m'],"['black', 'green']"
PEDROC 3 W,"Функционална Панталони
Изработени од многу лесен и растеглив софтшел материал, кој е водообивен и издржлив на абразија и не развива миризба при потење",https://www.scout.mk/wp-content/uploads/2021/04/26956-311-600x600.jpg,https://www.scout.mk/product/pedroc-3-dst-w-26956/,7190,7190,МКД,"['34', '36']",['black']
PEDROC 4 PANTS W,"Функционална Панталони
Изработени од многу лесен и растеглив софтшел материал, кој е водообивен и издржлив на абразија и не развива миризба при потење",https://www.scout.mk/wp-content/uploads/2023/05/28594-910-600x600.png,https://www.scout.mk/product/pedroc-4-dst-w-reg-pants-28594/,7790,7790,МКД,"['34', '36', '38']",['black']
Pocketshell Jkt Q57,Лесна заштита за сите временски услови лесно се пакува штити од ветар и лесен дожд,https://www.scout.mk/wp-content/uploads/2024/03/Q57638638-600x600.jpg,https://www.scout.mk/product/pocketshell-jkt-q57/,11390,11390,МКД,"['l', 'm', 's']",['turquoise']
PUEZ AQUA 3 PTX W,"Хардшел Jакна
Водоотпорна и ветероотпорна
Водоотпорност: 10.000 mm
Дишливост: 10.000 > g/m²/24h",https://www.scout.mk/wp-content/uploads/2021/04/24546-1832-600x600.jpg,https://www.scout.mk/product/puez-aqua-3-ptx-w-jkt-24546-2/,6690,6690,МКД,['42'],['red']
PUEZ AQUA 4 PTX W 2.5L,"Женска лесна, водоотпорна и дишлива 2.5 слојна јакна за планинарење со Powertex мембрана Водоотпорност: 10.000 mm
Дишливост: 10.000 > g/m²/24h",https://www.scout.mk/wp-content/uploads/2023/05/28616-396036-600x600.png,https://www.scout.mk/product/puez-aqua-4-ptx-2-5l-w-jacket-28616/,9090,9090,МКД,"['36', '38', '40']",['navy']
PUEZ DOLOMITIC PANTS W,"Панталони
Ветероотпорни, водоодбивни
Изработени од топол и дишлив стреч материјал",https://www.scout.mk/wp-content/uploads/2022/03/27230-0910-600x600.jpg,https://www.scout.mk/product/puez-dolomitic-dst-w-reg-pnt-27230-2/,7590,7590,МКД,['40'],['black']
PUEZ MELANGE DRY W,"Функционална Маица
Изработена од многу лесен и растеглив материал, кој не развива миризба при потење",https://www.scout.mk/wp-content/uploads/2021/04/26538-1836-600x600.jpg,https://www.scout.mk/product/puez-melange-dry-w-26538/,2390,2390,МКД,"['36', '40']","['navy', 'pink']"
PUEZ PL JACKET W,"Лесен флис за одлична термичка изолција, дишлив и брзо се суши и се компресира.",https://www.scout.mk/wp-content/uploads/2024/01/28479-302036-600x600.jpg,https://www.scout.mk/product/puez-pl-jkt-w-28479/,6490,6490,МКД,"['36', '40']",['blue']
QUESTRA V W,"Панталони од софтшел ткаена со топла подлога, појачани на колена, издржлив водоотпорен финиш, отпорен на ветер, со еластичен струк и повеќе џебови",https://www.scout.mk/wp-content/uploads/2023/12/RWJ290_0FP_P_1-600x600.jpg,https://www.scout.mk/product/questra-v-w-rwj290/,5890,5890,МКД,"['12', '14', '16', '18']","['black', 'gray', 'navy']"
ROMINE,"Градска јакна, водоотпорна ткаенина 5000mm, залепени шевови, издржлив водоотпорен финиш, термогард изолација",https://www.scout.mk/wp-content/uploads/2022/10/RWP351_0GE_P_1-600x600.jpg,https://www.scout.mk/product/romine-rwp351/,8590,8590,МКД,"['10', '12', '16', '18', '20']",['navy']
RUN VISIBLE TIGHT W,Хеланки за трчање удобни и дишливи со рефлектирачки детали за подобра видливост навечер,https://www.scout.mk/wp-content/uploads/2023/09/221558_044_MF_Run_Visible_Tight-600x600.png,https://www.scout.mk/product/run-visible-tight-w-221558-044/,5490,5490,МКД,"['l', 'm']",['gray']
SABINKA,"Градска јакна, водоотпорна ткаенина Hydrafort 100% , залепени шевови, издржлив водоотпорен финиш, термогард изолација",https://www.scout.mk/wp-content/uploads/2022/10/RWP352_3JA_P_1-600x600.jpg,https://www.scout.mk/product/sabinka-rwp352/,8590,8590,МКД,['14'],['black']
SASKIA,"Материјал:
PrimaLoft® Gold
Карактеристики:
TOUCH-TEC
Силиконски грип",https://www.scout.mk/wp-content/uploads/2022/12/4835101-7702-600x600.jpg,https://www.scout.mk/product/saskia/,2690,2690,МКД,"['6-5', '7', '7-5', '8']",['black']
Seneca Iii Hd W MIV9175,"Флис
Изработен од стреч материјал со лесна до средна топлотна изолација",https://www.scout.mk/wp-content/uploads/2021/11/miv9175-9544-600x600.jpg,https://www.scout.mk/product/seneca-iii-hd-w-miv9175/,7790,7790,МКД,"['m', 's']",['blue']
Seneca Jkt W MIV9488,"Флис
Изработен од стреч материјал со лесна до средна топлотна изолацијаДишлив и отпорен на триење",https://www.scout.mk/wp-content/uploads/2022/10/miv9488-9546-600x600.jpg,https://www.scout.mk/product/seneca-jkt-w-miv9488/,7790,7790,МКД,"['l', 'm', 's']","['navy', 'pink']"
SOLID DRY W,"Функционална Маица
Изработена од многу лесен и растеглив материјал, кој не развива миризба при потење
Комбинација: 85% полиестер, 15% памук",https://www.scout.mk/wp-content/uploads/2021/04/27019-6385-600x600.jpg,https://www.scout.mk/product/solid-dry-w-27019/,2390,2390,МКД,['36'],['pink']
Stina Jacket F89234,"Удобна, практична секојдневна јакна изработена од издржливи G-1000 Original и G-1000 Lite. Фиксна капуљача, два странични џебови. Со нанесување на восок од програмата на Fjallraven станува водоотпорна.",https://www.scout.mk/wp-content/uploads/2024/03/Stina_Jacket_W_89234-243_A_MAIN_FJR-2-600x600.png,https://www.scout.mk/product/stina-jacket-f89234/,13590,13590,МКД,['l'],['orange']
Stina Trousers F84775,Удобни панталони со растегливи делови и заострени ногавици.,https://www.scout.mk/wp-content/uploads/2024/03/Stina_Trousers_W_84775-232_A_MAIN_FJR-6-600x600.png,https://www.scout.mk/product/stina-trousers-f84775/,9990,9990,МКД,"['36', '38', '42']","['black', 'brown']"
Stormy Point 2L Jkt W 1111202,"Хардшел Jакна
Водоотпорна и ветероотпорна
Водоотпорност: 10.000 mm
Дишливост: 6.000 > g/m²/24h",https://www.scout.mk/wp-content/uploads/2023/05/1111202_1010_A020.tif-600x600.png,https://www.scout.mk/product/stormy-point-2l-jkt-w-1111202/,7390,7390,МКД,['m'],"['navy', 'orange', 'red']"
SUDDEN SHORT W,Ултра лесен шорц за трчање и други спортски активности,https://www.scout.mk/wp-content/uploads/2025/04/Q58644643.jpeg,https://www.scout.mk/product/sudden-short-w/,3090,3090,МКД,"['l', 'm', 's', 'xs']",['blue']
SWEETHART,"Женска блуза халф зип поларна, флис",https://www.scout.mk/wp-content/uploads/2025/02/RWA027_1QA_P_A-3-600x600.jpg,https://www.scout.mk/product/sweethart/,1790,1790,МКД,"['10', '12', '14', '16', '8']","['blue', 'bordeaux', 'grey', 'orange', 'pink', 'stilston', 'turquoise']"
SWEETNESS B/W II,"Елек флис
Изработен од лесен стреч материјал со лесна топлотна изолација",https://www.scout.mk/wp-content/uploads/2023/05/RWB053_3EA_P_1-600x600.jpg,https://www.scout.mk/product/sweetness-b-w-ii-rwb053/,1790,1790,МКД,"['10', '12', '14', '16', '18', '20']","['black', 'blue', 'bordeaux', 'navy', 'turquoise']"
Taiss SO Pants Women 1021-00880,"Панталони погодни за различни аутдор активности, Дишливи,ветроодбивни од растеглив материјал отпорни на триење",https://www.scout.mk/wp-content/uploads/2023/12/1021-00880-5118-600x600.jpg,https://www.scout.mk/product/taiss-so-pants-women-1021-00880/,11290,11290,МКД,"['36', '42']",['navy']
TAUNUS HZ W,"Женска поларна блуза, халф зип",https://www.scout.mk/wp-content/uploads/2025/02/1709532-A0029.jpg,https://www.scout.mk/product/taunus-hz-w/,3690,3690,МКД,"['l', 'm', 's']","['grey', 'red']"
Tech T W 1807122,"Мултифункционална техничка маица, изработена од вештачки брзосушечки материјал за поудобни спортски ативности",https://www.scout.mk/wp-content/uploads/2023/05/1807122_1010_A020-600x600.png,https://www.scout.mk/product/tech-t-w-1807122/,2190,2190,МКД,"['m', 's', 'xl']","['navy', 'orange']"
TEMPELHOF COAT W,"Женска зимска јакна
Топлинска изолација, ветероотпорна",https://www.scout.mk/wp-content/uploads/2025/02/A60202.jpg,https://www.scout.mk/product/tempelhof-coat-w/,15390,15390,МКД,"['l', 's']",['grey']
TEMPELHOF COAT W A60202,"TEMPELHOF COAT W е комбинација на стил, удобност и функционалност за модерни жени. Со целосна заштита од временските услови, модерен стил и лесна PRIMALOFT изолација, TEMPELHOF COAT е идеална за меѓу сезони сезони или зими во поумерена клима.",https://www.scout.mk/wp-content/uploads/woocommerce-placeholder.png,https://www.scout.mk/product/tempelhof-coat-w-a60202/,15390,15390,МКД,"['l', 'm']",['black']
TERMINAL PANTS W,"Панталони
Ветероотпорни, водоодбивни
Изработени од топол и дишлив стреч материјал",https://www.scout.mk/wp-content/uploads/2020/11/27930-911-600x600.jpg,https://www.scout.mk/product/terminal-dst-w-pnt-27930/,8990,8990,МКД,['36'],['black']
Timing Short W Q13,Ултра лесен шорц за трчање и други спортски активности,https://www.scout.mk/wp-content/uploads/2022/04/Q13624625-600x600.jpg,https://www.scout.mk/product/timing-short-w-q13/,5590,5590,МКД,"['l', 'm', 's']","['black', 'turquoise']"
Tracer Tank Q52,Удобна функционална маица без ракави со технологија која природно го регулира мирисот и ја отстранува влагата.,https://www.scout.mk/wp-content/uploads/2024/03/Q52323323-600x600.jpg,https://www.scout.mk/product/tracer-tank-q52/,2790,2790,МКД,"['l', 'm', 's']","['red', 'turquoise']"
Travellers MT Hat F84766,"Лесна, капа на преклопување. Погодна за пешачење и патување во сончеви денови",https://www.scout.mk/wp-content/uploads/2023/12/Travellers_MT_Hat_84766-030_A_MAIN_FJR-2-600x600.png,https://www.scout.mk/product/travellers-mt-hat-f84766/,3390,3390,МКД,['m'],['blue']
Trekker Tight W MIV9081,"Функционални Панталони
Изработени од многу лесен материал, растегливи и дишливи идеални за планинарење",https://www.scout.mk/wp-content/uploads/2022/04/miv9081-7317-600x600.jpg,https://www.scout.mk/product/trekker-tight-w-miv9081/,6490,6490,МКД,['38'],['navy']
Tribeni Hoodie W MIV9495,"Топол флис
Дополнителна водоодбивна заштита на капуљачата и рамењата",https://www.scout.mk/wp-content/uploads/2022/10/miv9495-9728-600x600.jpg,https://www.scout.mk/product/tribeni-hoodie-w-miv9495/,7790,7790,МКД,['l'],['violet']
Tribeni Ii Hoodie W MIV9174,"Топол флис
Дополнителна водоодбивна заштита на капуљачата и рамењата",https://www.scout.mk/wp-content/uploads/2021/12/miv9174-9596-600x600.jpg,https://www.scout.mk/product/tribeni-ii-hoodie-w-miv9174/,7790,7790,МКД,['s'],['red']
Ultimate Comfort SO Hooded Jacket Women 1011-01960,"Софтшел јакнаВодоодбивна, ветроодбивна од растеглив материјал дишливост 10,000 g/m²/24h погодназа секаков вид на Outdoor активности",https://www.scout.mk/wp-content/uploads/2022/12/1011-01960-5118_main-600x600.png,https://www.scout.mk/product/ultimate-comfort-so-hooded-jacket-women-1011-01960/,14990,14990,МКД,"['l', 'm']",['navy']
VONNAN GRAPHIC T W,Женска спортска маица,https://www.scout.mk/wp-content/uploads/2025/02/A62317-1388.jpg,https://www.scout.mk/product/vonnan-graphic-t-w/,2790,2790,МКД,"['l', 'm', 's']",['grey']
W FINGAL VII,"Функционална Маица
Изработена од многу лесен и растеглив материал",https://www.scout.mk/wp-content/uploads/2023/05/RWT278_9B8_P_1-600x600.jpg,https://www.scout.mk/product/womens-fingal-vii-rwt278/,1290,1290,МКД,['16'],['berry']
W LOKKA FLANNEL LS SHIRT,"Фланел кошула од органски памук, совршена како среден слој за секакви временски услови",https://www.scout.mk/wp-content/uploads/2023/12/62801_498-600x600.jpg,https://www.scout.mk/product/w-lokka-flannel-ls-sht-62801_498/,6790,6790,МКД,"['l', 'm', 's']",['lime']
W SKOG GRAPHIC TEE,Маица со лого од органски памук,https://www.scout.mk/wp-content/uploads/2025/02/63083-049.jpg,https://www.scout.mk/product/w-skog-graphic-tee/,2790,2790,МКД,"['l', 'm', 's']","['blue', 'white']"
Wanaka Stretch Pt Ii W MIV8646,"Технички Ултра лесни панталони
четиринасочно растегливи
87% полиестер 13% еластин",https://www.scout.mk/wp-content/uploads/2022/04/miv8646-0247-Copy-600x600.jpg,https://www.scout.mk/product/wanaka-stretch-pt-ii-w-miv8646/,5790,5790,МКД,"['36', '38', '40']","['black', 'navy']"
Wanaka Stretch Short Ii W MIV8648,"Технички Ултра лесни бермуди
четиринасочно растегливи
87% полиестер 13% еластин",https://www.scout.mk/wp-content/uploads/2022/04/miv8648-0247-Copy-600x600.jpg,https://www.scout.mk/product/wanaka-stretch-short-ii-w-miv8648/,3890,3890,МКД,['38'],['black']
WILD FLOWER W,"Маица
Изработена од 100% органски памук",https://www.scout.mk/wp-content/uploads/2022/05/1808361_1246_A010-600x600.jpg,https://www.scout.mk/product/wild-flower-t-w-1808361/,2290,2290,МКД,['m'],['red']
WINTER HIKING SO PANTS W,"Панталони погодни за различни аутдор активности, Топли, дишливи,ветроодбивни од растеглив материјал со дополнителни странични патенти за вентилација",https://www.scout.mk/wp-content/uploads/2022/12/1021-00320-0001_main-600x600.png,https://www.scout.mk/product/winter-hiking-so-pants-women-1021-00320/,10990,10990,МКД,"['36', '40']",['black']
WISPER INS JKT W,"Полнета Хардшел Јакна
Екстра топлотна изолација
Водоотпорност: 20.000mm
Дишливост: 15.000 g/m²/24h",https://www.scout.mk/wp-content/uploads/2022/10/1111592_1010_A020-600x600.png,https://www.scout.mk/product/wisper-ins-jkt-w-1111592/,16990,16990,МКД,['m'],['navy']
WISPER INS JKT W,"Женска јакна
Водоотпорна, ветероотпорна",https://www.scout.mk/wp-content/uploads/2025/02/A61893-.jpg,https://www.scout.mk/product/wisper-ins-jkt-w/,14790,14790,МКД,"['l', 's']",['grey']
WM DAY HIKE TRS IV,Женски спортски стреч панталони,https://www.scout.mk/wp-content/uploads/2025/02/Web-version-RMJ247_B3N_P_A.jpg,https://www.scout.mk/product/wm-day-hike-trs-iv/,5290,5290,МКД,"['12', '14', '16', '18']",['navy']
WM FINGAL EDITION,Женска спортска маица од лесен материјал,https://www.scout.mk/wp-content/uploads/2025/02/RWT231-07T.jpg,https://www.scout.mk/product/wm-fingal-edition/,1490,1490,МКД,"['10', '12', '14', '16', '8']","['blue', 'bordeaux']"
WMN HGH STCH PD JKT IV,Јакна,https://www.scout.mk/wp-content/uploads/2024/12/RWP397-800.jpg,https://www.scout.mk/product/wmnhghstchpdjktiv-w-rwp397/,8590,8590,МКД,"['10', '12', '16']",['violet']
WMN HILL PK B/WII,Елек,https://www.scout.mk/wp-content/uploads/2024/12/RWB134-800.jpg,https://www.scout.mk/product/wmnhillpkb-wii-w-rwb134/,3390,3390,МКД,"['12', '14']","['bordeaux', 'navy']"
WMN HILLPACK II,Јакна,https://www.scout.mk/wp-content/uploads/2024/12/RWN297-16E.jpg,https://www.scout.mk/product/wmnhillpackii-w-rwn297/,3690,3690,МКД,"['10', '12', '14']",['pink']
WMNS AREC III,Женска спортска јакна софтшел,https://www.scout.mk/wp-content/uploads/2025/02/RWL217-8001.jpg,https://www.scout.mk/product/wmn-sarec-iii/,4590,4590,МКД,"['10', '12', '14']",['black']
WMS ANDRESON VIII,"Спортска Женска Jакна
Топлинска изолација
Водоотпорна и ветероотпорна",https://www.scout.mk/wp-content/uploads/2025/02/RWN275-X8Z10.jpg,https://www.scout.mk/product/wms-andreson-viii/,4590,4590,МКД,"['10', '12']",['red']
WMS NEW HILL,Флис,https://www.scout.mk/wp-content/uploads/2024/12/RWA596-YAN.jpg,https://www.scout.mk/product/wmsnewhill-w-rwa596/,4290,4290,МКД,"['10', '12', '14', '16']","['sky', 'violet']"
WMS PACK IT O/TRS,"Надпанталони
Водоотпорни и ветероотпорни
Водоотпорност: 5.000 mm
Дишливост: 5.000 > g/m²/24h
Се пакуваат во мала торбичка",https://www.scout.mk/wp-content/uploads/2023/05/RWW158_800_P_-600x600.jpg,https://www.scout.mk/product/wms-pack-it-o-trs-rww158/,2190,2190,МКД,"['l', 's']",['black']
Woman 3/4 Tights 3C88376T,"Мултифункционални стреч 3/4 бермуди, брзосушечки и изработени од полиестер и еластин",https://www.scout.mk/wp-content/uploads/2023/04/3C88376T_20ML_A-3-600x600.jpg,https://www.scout.mk/product/woman-3-4-tights-3c88376t/,2190,2190,МКД,"['36', '38', '40']",['blue']
Woman Bermuda 30T6666,"Бермуди
Изработени од четиринасоно растеглив рип-стоп материјал со УВ30 заштита",https://www.scout.mk/wp-content/uploads/2021/07/30T6666_U423-600x600.jpg,https://www.scout.mk/product/woman-bermuda-30t6666/,3990,3990,МКД,['42'],['grey']
Woman Bermuda 33T5486,"Бермуди, брзосушечки и четиринасочно растегливи, со УВ 22",https://www.scout.mk/wp-content/uploads/2023/04/33T5486_L430_A-600x600.png,https://www.scout.mk/product/woman-bermuda-33t5486/,3490,3490,МКД,"['38', '40', '42']",['black']
Woman Bermuda 33T5486,"Бермуди, брзосушечки и четиринасочно растегливи, со УВ 22",https://www.scout.mk/wp-content/uploads/2024/04/33T5486_E452_A-4.png,https://www.scout.mk/product/woman-bermuda-33t5486-2/,3490,3490,МКД,"['36', '38', '40', '42']","['black', 'green']"
Woman Bermuda 3T58666,"Бермуди, четиринасочно растегливи и изработени од полиестер и еластин",https://www.scout.mk/wp-content/uploads/2021/02/3T58666_B880_A-600x600.jpg,https://www.scout.mk/product/woman-bermuda-3t58666/,3490,3490,МКД,['36'],"['blue', 'turquoise']"
Woman Co T-Shirt 39T5676P,"Маичка од антибактериски материјал со технологија Dry Function, која помага да се отстрани потта и го одржува природното регулирање на температурата на телото.",https://www.scout.mk/wp-content/uploads/2024/04/39T5676P_B504_A.png,https://www.scout.mk/product/woman-co-t-shirt-39t5676p/,790,790,МКД,['40'],['blue']
Woman Fleece Hat 6505704,Женска трака за глава од флис,https://www.scout.mk/wp-content/uploads/2022/12/6505704_A143_A-600x600.png,https://www.scout.mk/product/woman-fleece-hat-6505704/,690,690,МКД,[],['violet']
Woman Fleece Hat 6505704,Класично капче направено од полар и достапно во различни нијанси. Совршено за постудените денови.,https://www.scout.mk/wp-content/uploads/2024/02/6505704_A143_A-1-600x600.png,https://www.scout.mk/product/woman-fleece-hat-6505704-2/,890,890,МКД,['u'],"['blue', 'orange', 'pink', 'white']"
Woman Fleece Headband 6534000,Женска трака за глава од флис,https://www.scout.mk/wp-content/uploads/2022/12/6534000_A143_A-600x600.png,https://www.scout.mk/product/woman-fleece-headband-6534000/,690,690,МКД,[],"['black', 'orange']"
Woman Hat 6505501,Флис капа,https://www.scout.mk/wp-content/uploads/2022/12/6505501_B870_A-600x600.png,https://www.scout.mk/product/woman-hat-6505501/,1090,1090,МКД,['36'],"['blue', 'turquoise']"
Woman Hat 6505722,Капа,https://www.scout.mk/wp-content/uploads/2024/04/6505722_A425_A.png,https://www.scout.mk/product/woman-hat-6505722/,1190,1190,МКД,['u'],"['blue', 'pink']"
Woman Jacket 30G7486,"Флис
Високо дишлив и топол полар",https://www.scout.mk/wp-content/uploads/2022/12/30G7486_B870_A-600x600.png,https://www.scout.mk/product/woman-jacket-30g7486/,3490,3490,МКД,"['38', '40']",['pink']
Woman Jacket 30H5866,"Флис без капуњача
Тенок, изработен од плетен полиестер",https://www.scout.mk/wp-content/uploads/2023/04/30H5866_24CN_A-600x600.png,https://www.scout.mk/product/woman-jacket-30h5866/,3490,3490,МКД,"['36', '40', '42']",['blue']
Woman Jacket 30H5866,"Флис без капуљача
Тенок, изработен од плетен полиестер",https://www.scout.mk/wp-content/uploads/2024/04/30H5866_19ER_A-9.png,https://www.scout.mk/product/woman-jacket-30h5866-2/,3490,3490,МКД,"['36', '38', '40', '42']","['green', 'pink']"
WOMAN JACKET 38P1536,Женски полар,https://www.scout.mk/wp-content/uploads/2023/11/38P1536_M813_A-600x600.png,https://www.scout.mk/product/woman-jacket-38p1536/,3990,3990,МКД,"['d36', 'd38', 'd40']","['blue', 'pink']"
Woman Jacket 3C46776T,"Јакна шушкавец
Водоодбивна и ветероодбивна
се пакува во еден од џебовите",https://www.scout.mk/wp-content/uploads/2023/04/3C46776T_L430_A-600x600.png,https://www.scout.mk/product/woman-jacket-3c46776t/,4190,4190,МКД,"['38', '40', '42', '44']","['black', 'turquoise']"
Woman Jacket 3C46776T,Јакна шушкавец со практична опција за пакување во еден од џебовите,https://www.scout.mk/wp-content/uploads/2024/04/3C46776T_L607_A.png,https://www.scout.mk/product/woman-jacket-3c46776t-2/,4190,4190,МКД,"['36', '38', '40', '42']","['black', 'blue']"
Woman Jacket 3H14746,"Плетен Флис
Високо дишлив и топол",https://www.scout.mk/wp-content/uploads/2022/12/3H14746_02EM_A-600x600.png,https://www.scout.mk/product/woman-jacket-3h14746/,3690,3690,МКД,"['40', 'd36', 'd38', 'd40', 'd42']","['blue', 'grey', 'turquoise']"
Woman Jacket Fix Hood 30H5856,"Флис со капуњача
Тенок, изработен од плетен полиестер",https://www.scout.mk/wp-content/uploads/2023/04/30H5856_33LN_A-600x600.png,https://www.scout.mk/product/woman-jacket-fix-hood-30h5856/,4190,4190,МКД,"['38', '44']",['blue']
Woman Jacket Fix Hood 33H1966,Плетен филс со дезен,https://www.scout.mk/wp-content/uploads/2024/02/33H1966_13YP_A-4-600x600.png,https://www.scout.mk/product/woman-jacket-fix-hood-33h1966/,5190,5190,МКД,['d40'],['red']
Woman Jacket Fix Hood 33K1656,Женска полнета јакна со капуљача,https://www.scout.mk/wp-content/uploads/2024/02/33K1656_C919_A-5-600x600.png,https://www.scout.mk/product/woman-jacket-fix-hood-33k1656/,6590,6590,МКД,"['d36', 'd38', 'd40', 'd42']","['blue', 'red']"
Woman Jacket Fix Hood 38P1546,Женски флис со висока крагња и капуљача,https://www.scout.mk/wp-content/uploads/2024/02/38P1546_C919_A-4-600x600.png,https://www.scout.mk/product/woman-jacket-fix-hood-38p1546/,4490,4490,МКД,"['d36', 'd38', 'd40']","['blue', 'red']"
WOMAN JACKET FIX HOOD DETACHBLE INN.JACKET,"Женска јакна 3 во 1, внатрешноста е изработена од поларен флис
Горниот дел се отстранува
Водоотпорна и ветероотпорна",https://www.scout.mk/wp-content/uploads/2025/02/32Z1436D_H907_A-3.png,https://www.scout.mk/product/woman-jacket-fix-hood-detachble-inn-jacket/,7390,7390,МКД,"['d36', 'd38', 'd40', 'd42']","['bordeaux', 'grey']"
Woman Jacket Fix Hood Hybrid 32E4296,"Хибрид Јакна / Комбинација на софтшел и полнети делови
Полнета со вештачко полнење на осетливите делови од телото",https://www.scout.mk/wp-content/uploads/2022/12/32E4296_M916_A-600x600.png,https://www.scout.mk/product/woman-jacket-fix-hood-hybrid-32e4296/,5490,5490,МКД,['40'],['grey']
Woman Jacket Hybrid Fix Hood 32H2026,"Хибрид Јакна / Комбинација на плетен флис и полнети делови
Полнета со вештачко полнење на осетливите делови од телото",https://www.scout.mk/wp-content/uploads/2022/12/32H2026_A143_A-600x600.png,https://www.scout.mk/product/woman-jacket-hybrid-fix-hood-32h2026/,5490,5490,МКД,"['38', '40']","['stilston', 'turquoise']"
WOMAN JACKET HYBRID FIX HOOD 33H1876,Женска хибридна јакна со капуљача,https://www.scout.mk/wp-content/uploads/2023/11/33H1876_U901_A-600x600.png,https://www.scout.mk/product/woman-jacket-hybrid-fix-hood-33h1876/,5990,5990,МКД,"['d36', 'd38', 'd40', 'd42', 'd44', 'd46', 'd48']","['black', 'pink', 'white']"
Woman Jacket Zip Hood 33Z5026,"Хардшел Јакна,
Ветроодбивна и водоотпорна јакна. Водоотпорност 10 000WP Дишливост 4 000g/m2/24h",https://www.scout.mk/wp-content/uploads/2023/04/33Z5026_M916_A-600x600.png,https://www.scout.mk/product/woman-jacket-zip-hood-33z5026/,5990,5990,МКД,['36'],['turquoise']
Woman Jacket Zip Hood 34Z5116,"Јакна дизајнирана за секакви авантури на отворено при неповолни временски услови. Водоотпорна и дишлива (10.000, MVP 4.000) со целосно залепени шавови и водоотпорни патенти за заштита од временските услови.",https://www.scout.mk/wp-content/uploads/2024/04/34Z5116_E452_A-5.png,https://www.scout.mk/product/woman-jacket-zip-hood-34z5116/,5490,5490,МКД,"['36', '40']",['blue']
Woman Jacket Zip Hood 39A5006,"Водоотпорна Софтшел Јакна
Изработена од средно дебел софтшел материјал
Водоотпорност: 7.000mm
Дишливост: 1.000mm",https://www.scout.mk/wp-content/uploads/2022/12/39A5006_22UM_A-600x600.png,https://www.scout.mk/product/woman-jacket-zip-hood-39a5006/,4990,4990,МКД,"['36', '38', 'd36', 'd38', 'd40']","['blue', 'pink', 'red']"
Woman Jacket Zip Hood 39A5016,"Водоотпорна Софтшел Јакна
Изработена од лесен софтшел материјал
Водоотпорност: 8.000mm
Дишливост: 3.000mm",https://www.scout.mk/wp-content/uploads/2023/04/39A5016_00UN_A-600x600.png,https://www.scout.mk/product/woman-jacket-zip-hood-39a5016/,5590,5590,МКД,"['36', '40']",['turquoise']
Woman Jacket Zip Hood 39A5016,"Водоотпорна Софтшел Јакна
Изработена од лесен софтшел материјал
Водоотпорност: 8.000mm
Дишливост: 3.000mm",https://www.scout.mk/wp-content/uploads/2024/04/39A5016_B557_A.png,https://www.scout.mk/product/woman-jacket-zip-hood-39a5016-2/,3913,5590,МКД,"['36', '38']","['green', 'pink']"
Woman Jacket Zip Hood 39A5016M,Женска софтшел јакна (180g/m) со средна дебелина и капуљача на вадење,https://www.scout.mk/wp-content/uploads/2024/04/39A5016M_00LR_A.png,https://www.scout.mk/product/woman-jacket-zip-hood-39a5016m-2/,5590,5590,МКД,"['36', '38', '40', '42', '44']","['blue', 'pink']"
Woman Jacket Zip Hood Detachble Inn.Jacket 32Z1436D,"Јакна 3во1
Составена од водоотпорен Hardshell со целосно залепени шавови
Водоотпорност: 5.000mm
Дишливост:3.000mm
Внатрешен топол и дишлив плетен флис",https://www.scout.mk/wp-content/uploads/2022/12/32Z1436D_B870_A-600x600.png,https://www.scout.mk/product/woman-jacket-zip-hood-detachble-inn-jacket-32z1436d/,7390,7390,МКД,"['38', '40', '46', 'd38', 'd42']","['blue', 'grey', 'pink']"
Woman Knitted Hat 5505606,"Зимска капа погодна за секојдневна употреба како и за прошетки во планина. Изработена од рециклиран полиестер, еден од најодржливите текстилни влакна и покрај неговото синтетичко потекло.",https://www.scout.mk/wp-content/uploads/2024/02/5505606_A143_A-1-600x600.png,https://www.scout.mk/product/woman-knitted-hat-5505606/,990,990,МКД,['u'],"['black', 'blue', 'white']"
Woman Knitted Hat 5505612,"Зимска капа со моден детал погодна за секојдневна употреба како и за прошетки во планина. Изработена од рециклиран полиестер, еден од најодржливите текстилни влакна и покрај неговото синтетичко потекло.",https://www.scout.mk/wp-content/uploads/2024/02/5505612_A143_A-1-600x600.png,https://www.scout.mk/product/woman-knitted-hat-5505612/,1590,1590,МКД,['u'],"['black', 'white']"
Woman Knitted Hat 5505620,"Капа
Обложена со памучна ткаенина",https://www.scout.mk/wp-content/uploads/2022/12/5505620_A143_A-600x600.png,https://www.scout.mk/product/woman-knitted-hat-5505620/,1690,1690,МКД,[],"['orange', 'stilston']"
WOMAN LONG PANT,"Женски зимски панталони, специјална клима – протект мембрана, со обликувани колена и шлицеви за поголема флексибилност и удобност",https://www.scout.mk/wp-content/uploads/2025/02/30A1456_U901_A-6-600x600.jpg,https://www.scout.mk/product/woman-long-pant/,4290,4890,МКД,"['d38', 'd40', 'd42', 'd44']",['black']
Woman Long Pant 30A1456,"Водоотпорни Софтшел Панталони
Изработени од дебел софтшел материјал
Водоотпорност: 7.000mm
Дишливост: 3.000mm",https://www.scout.mk/wp-content/uploads/2020/12/30A1456_U887_A-600x600.jpg,https://www.scout.mk/product/woman-long-pant-30a1456/,4890,4890,МКД,"['d36', 'd38', 'd40', 'd42']","['black', 'grey']"
Woman Long Pant 31T7686,"Панталони кои комбинираат цврст дизајн со чиста удобност. Панелот против гребење (и напред и назад) ги зајакнува, додека ткаенината растеглива во 4 насоки обезбедува исклучителна леснотија при движење.",https://www.scout.mk/wp-content/uploads/2022/05/31T7686_U901_A-600x600.jpg,https://www.scout.mk/product/woman-long-pant-31t7686/,5490,5490,МКД,['40'],['black']
Woman Long Pant 32T7426,"Панталони, брзосушечки и четиринасочно растегливи",https://www.scout.mk/wp-content/uploads/2023/04/32T7426_U423_A-600x600.png,https://www.scout.mk/product/woman-long-pant-32t7426/,3490,3490,МКД,['42'],['grey']
Woman Long Pant 32T7426,"Панталони, брзосушечки и четиринасочно растегливи",https://www.scout.mk/wp-content/uploads/2024/04/32T7426_E452_A-4.png,https://www.scout.mk/product/woman-long-pant-32t7426-2/,3490,3490,МКД,['40'],['green']
Woman Long Pant 3A00486N,"Водоотпорни Софтшел Панталони
Изработени од средно дебел софтшел материјал
Водоотпорност: 7.000mm
Дишливост: 1.000mm",https://www.scout.mk/wp-content/uploads/2022/12/3A00486N_U423_A-600x600.png,https://www.scout.mk/product/woman-long-pant-3a00486n/,4290,4790,МКД,"['36', '38', '40', '42', '44', '46', 'd36', 'd38', 'd40', 'd42']","['black', 'grey']"
Woman Pant 30T2316,"Панталони
Изработени од четиринасоно растеглив рип-стоп материјал со УВ30 заштита",https://www.scout.mk/wp-content/uploads/2022/12/30T2316_13MM_A-600x600.png,https://www.scout.mk/product/woman-pant-30t2316/,6990,6990,МКД,['44'],['blue']
Woman Shirt 32T1486,Женска кошула од брзосушечки материјал,https://www.scout.mk/wp-content/uploads/2024/02/32T1486_53ZP_A-4-600x600.png,https://www.scout.mk/product/woman-shirt-32t1486/,4290,4290,МКД,"['d36', 'd38', 'd40', 'd42']","['blue', 'red']"
Woman Shirt 33S5626,"Техничка Кошула
Лесна, изработена од полиестер, со технологија против мирис од потење, со УВ 30",https://www.scout.mk/wp-content/uploads/2023/04/33S5626_57ZN_A-600x600.png,https://www.scout.mk/product/woman-shirt-33s5626/,2590,2590,МКД,"['38', '40']","['turquoise', 'white']"
Woman Shirt 33S5636,"Техничка Кошула
Лесна, изработена од полиестер, со технологија против мирис од потење, со УВ 43",https://www.scout.mk/wp-content/uploads/2023/04/33S5636_68ZN_A-600x600.png,https://www.scout.mk/product/woman-shirt-33s5636/,2290,2290,МКД,['38'],['white']
Woman Shorts With Inner Mesh Slip 3C89676T,"Мултифинкционални бермуди поставени со мрежа, изработени од полиестер",https://www.scout.mk/wp-content/uploads/2021/02/3C89676T_49UG_A-600x600.jpg,https://www.scout.mk/product/woman-shorts-with-inner-mesh-slip-3c89676t/,1990,1990,МКД,"['38', '44']","['black', 'violet']"
WOMAN SWEAT 3G27836,Женски дебел полар,https://www.scout.mk/wp-content/uploads/2023/11/3G27836_L711_A-600x600.png,https://www.scout.mk/product/woman-sweat-3g27836/,1323,1323,МКД,"['d36', 'd38', 'd40', 'd42']","['blue', 'pink', 'white']"
Woman T-Shirt 30L3946,Маица со долг ракав со заоблен дизајн за активности на отворено со висок интензитет. Ткаенината Light Interlock за да обезбеди чувство на удобност и постојаност.Маица со долг ракав со заоблен дизајн за активности на отворено со висок интензитет. Ткаенината Light Interlock за да обезбеди чувство на удобност и постојаност.,https://www.scout.mk/wp-content/uploads/2022/12/30L3946_U423_A-600x600.png,https://www.scout.mk/product/woman-t-shirt-30l3946/,2790,2790,МКД,['36'],['grey']
Woman T-Shirt 38T6656,"Маичка изработена е од материјал со UV заштита и технологија Dry-Function која гарантира пријатно чувство на сувост и удобност, дури и при поенергични активности.",https://www.scout.mk/wp-content/uploads/2024/04/38T6656_49MR_A.png,https://www.scout.mk/product/woman-t-shirt-38t6656/,1390,1390,МКД,"['38', '40']","['blue', 'green']"
Woman T-Shirt Free Bike 34N6936,"Маица со долги ракави, изработена од 4насочно растеглив материја. Технологијата Dry Function помага за испарување на потта и го одржува телото суво, додека третманот Cool Menthol Boost обезбедува пријатно чувство на свежина.",https://www.scout.mk/wp-content/uploads/2024/04/34N6936_E452_A-4.png,https://www.scout.mk/product/woman-t-shirt-free-bike-34n6936/,1953,2790,МКД,"['36', '40', '42', '44']","['blue', 'green']"
Woman Top 32T7016,"Техничка Маица без ракави
Лесна, изработена од полиестер, со технологија против мирис од потење, со УВ 40",https://www.scout.mk/wp-content/uploads/2023/04/32T7016_L312_A-600x600.png,https://www.scout.mk/product/woman-top-32t7016/,2090,2090,МКД,"['38', '40', '42']","['blue', 'turquoise']"
Woman Top 33N6196,"Техничка Маица без ракави
Лесна, изработена од полиестер, со технологија против мирис од потење, со УВ 30",https://www.scout.mk/wp-content/uploads/2023/04/33N6196_C588_A-600x600.png,https://www.scout.mk/product/woman-top-33n6196/,1990,1990,МКД,['40'],['blue']
Woman Top 33N6196,"Техничка Маица без ракави
Лесна, изработена од полиестер, со технологија против мирис од потење, со УВ 30",https://www.scout.mk/wp-content/uploads/2024/04/33N6196_U423_A-4.png,https://www.scout.mk/product/woman-top-33n6196-2/,1990,1990,МКД,"['40', '42']","['blue', 'green', 'grey']"
Woman Vest 33K1666,Женски елек со синтетичко полнење,https://www.scout.mk/wp-content/uploads/2024/02/33K1666_A435_A-3-600x600.png,https://www.scout.mk/product/woman-vest-33k1666/,6490,6490,МКД,"['d36', 'd38', 'd40']",['stilston']
Woman Vest Fix Hood 32K3046,"Полнет елек / Елек со капуљача
Полнет со вештачко полнење",https://www.scout.mk/wp-content/uploads/2022/12/32K3046_C913_A-600x600.png,https://www.scout.mk/product/woman-vest-fix-hood-32k3046/,6190,6190,МКД,"['38', '40']",['berry']
Womans Down Jacket 2224P-5WG-566,"Супер лесна и полнета јакна
Лице: 100% најлон
Постава: 100% најлон
Полнење: 90% пердув 10% даун пердув",https://www.scout.mk/wp-content/uploads/2022/09/2224P-5WG-566-600x600.jpg,https://www.scout.mk/product/womans-down-jacket-2224p-5wg-566/,18990,18990,МКД,"['42', '44']",['pink']
Womans Down Jacket 2252-5WG-99,"Супер лесна и полнета јакна
Лице: 100% најлон
Постава: 100% најлон
Полнење: 90% пердув 10% даун пердув",https://www.scout.mk/wp-content/uploads/2022/09/2252-5WG-99-600x600.jpg,https://www.scout.mk/product/womans-down-jacket-2252-5wg-99/,25990,25990,МКД,"['44', '48']",['black']
WOMEN’S YONDER II,Флис,https://www.scout.mk/wp-content/uploads/2024/12/RWA660-07T.jpg,https://www.scout.mk/product/womensyonderii-w-rwa660/,3090,3090,МКД,"['10', '12', '14', '16', '18']","['blue', 'bordeaux']"
WOMENS BIRCHDALE,"Спортска Женска Jакна
Топлина и флексибилност
Водоотпорна и ветероотпорна",https://www.scout.mk/wp-content/uploads/2025/02/RWW300_SZG_P_1-600x600.jpg,https://www.scout.mk/product/womens-birchdale/,7390,7390,МКД,"['10', '12', '14', '16']","['blue', 'turquoise']"
WOMENS MONTES,"Женска спортска блуза, халфзип, флис Монтес",https://www.scout.mk/wp-content/uploads/2025/02/RWA240_Z7D_P_A-4-600x600.jpg,https://www.scout.mk/product/womens-montes/,1990,1990,МКД,"['10', '12', '14', '16']","['blue', 'bordeaux', 'navy']"
WOMENS WENTWOOD IX,3/1 Јакна,https://www.scout.mk/wp-content/uploads/2024/12/RWP393-600x600.jpg,https://www.scout.mk/product/womenswentwoodix-w-rwp393/,12290,12290,МКД,"['10', '12']",['navy']
YONDER W,"Флис (прв слој) со полупатент
Изработен од стреч материјал со лесна топлотна изолација",https://www.scout.mk/wp-content/uploads/2023/12/RWT161_BRH_P_1-600x600.jpg,https://www.scout.mk/product/yonder-w-rwt161/,2890,2890,МКД,"['10', '12', '14', '18', '20']","['bordeaux', 'green', 'orange', 'pink']"
