Name,SKU,Original Price,Discount Price,Description,Image URL,Sizes,Colors,URL
1960 Logo T-shirt F83513,1960 Logo T-shirt F83513,"3,090.00ден",,Лесна маичка изработена од органски памук и рециклиран полиестер.,https://www.scout.mk/wp-content/uploads/2024/03/1960_Logo_T-shirt_W_83513-243_A_MAIN_FJR-6-600x600.png,"['l', 'm', 'm', 's']","['green', 'orange', 'orange', 'orange']",https://www.scout.mk/product/1960-logo-t-shirt-f83513/
Abisko Hike Shirt W F87140,Abisko Hike Shirt W F87140,,,Лесна кошула со долги ракави за пешачење и патување во топла клима.,https://www.scout.mk/wp-content/uploads/2024/03/Abisko_Hike_Shirt_W_87140-543_A_MAIN_FJR-4-600x600.png,"['m', 's']","['blue', 'blue']",https://www.scout.mk/product/abisko-hike-shirt-w-f87140/
Abisko Lite Fleece Jacket F87142,Abisko Lite Fleece Jacket F87142,"9,290.00ден",,Лесен флис што се пакува совршен за еднодневни патувања.,https://www.scout.mk/wp-content/uploads/2024/03/Abisko_Lite_Fleece_Jacket_W_87142-534_A_MAIN_FJR-6-600x600.png,"['l', 'l', 'm', 'm']","['green', 'green', 'navy', 'navy']",https://www.scout.mk/product/abisko-lite-fleece-jacket-f87142/
Abisko Lite Trekking Jacket F86131,Abisko Lite Trekking Jacket F86131,,,Лесна и дишлива јакна за пешачење во топли услови.,https://www.scout.mk/wp-content/uploads/2024/03/Abisko_Lite_Trekking_Jacket_W_86131-321-333_A_MAIN_FJR-6-600x600.png,"['l', 'm', 's']","['red', 'red', 'red']",https://www.scout.mk/product/abisko-lite-trekking-jacket-f86131/
Abisko Midsummer Jacket F89826,Abisko Midsummer Jacket F89826,"14,290.00ден",,"Лесна, дишлива и јакна што може да се пакува, совршена за пешачење во топла клима.",https://www.scout.mk/wp-content/uploads/2024/03/Abisko_Midsummer_Jacket_W_89826-534-555_A_MAIN_FJR-2-600x600.png,"['l', 'm', 's', 's']","['green', 'green', 'navy', 'navy']",https://www.scout.mk/product/abisko-midsummer-jacket-f89826/
Abisko Midsummer Trs F89827,Abisko Midsummer Trs F89827,"11,790.00ден",,"Лесни, дишливи женски трекинг панталони. Совршени за топла клима.",https://www.scout.mk/wp-content/uploads/2024/03/Abisko_Midsummer_Trs_W_Reg_89827-534-555_A_MAIN_FJR-3-600x600.png,"['36', '38']","['navy', 'navy']",https://www.scout.mk/product/abisko-midsummer-trs-f89827/
Abisko Short Tights F87138,Abisko Short Tights F87138,,,Кратки хеланки изработени од растеглива ткаенина што пренесува влага. Совршен за дневни планинарења и живот на отворено.,https://www.scout.mk/wp-content/uploads/2024/03/Abisko_Short_Tights_W_87138-614_A_MAIN_FJR-6-600x600.png,"['l', 'm', 's']","['green', 'green', 'green']",https://www.scout.mk/product/abisko-short-tights-f87138/
Abisko Tights F84773,Abisko Tights F84773,,,Удобни хеланки изработени од растегива ткаенина што ја отстранува влагата. Одлични за дневни планинарења и секојдневен живот на отворено.,https://www.scout.mk/wp-content/uploads/2024/03/Abisko_Tights_W_84773-550_A_MAIN_FJR-6-600x600.png,[],[],https://www.scout.mk/product/abisko-tights-f84773/
Abisko Trail Fleece F89589,Abisko Trail Fleece F89589,,,Лесен и удобен флис со капуљача што комбинира две различни полиестерски ткаенини (и нови и рециклирани). Еден џеб на градите и два рачни џебови.,https://www.scout.mk/wp-content/uploads/2024/03/Abisko_Trail_Fleece_W_89589-614_A_MAIN_FJR-3-600x600.png,[],[],https://www.scout.mk/product/abisko-trail-fleece-f89589/
Aconcagua Light ML Jacket Women 1014-04430,Aconcagua Light ML Jacket Women 1014-04430,,,"Флис
Изработен од стреч материјал со лесна до средна топлотна изолацијаДишлив и отпорен на триење",https://www.scout.mk/wp-content/uploads/2023/12/1014-04430-5118.jpg,[],[],https://www.scout.mk/product/aconcagua-light-ml-jacket-women-1014-04430/
ACTIVATE THERMIC PANTS W,ACTIVATE THERMIC PANTS W,"8,590.00ден","8,590.00ден",Женски термо панталони,https://www.scout.mk/wp-content/uploads/2025/02/A61879-6000.jpg,"['36-r', '40-r', '42-r']","['black', 'black', 'black']",https://www.scout.mk/product/activate-thermic-pants-w/
ADEN DOWN PARKA,Aden Down Parka W 54429,"17,890.00ден","17,890.00ден","Полнета Јакна
Екстра топлотна изолација
Водоотпорна и дишлива
Сите шавови се залепени",https://www.scout.mk/wp-content/uploads/2022/11/54429_483-600x600.jpg,"['s', 's', 'xl']","['green', 'navy', 'navy']",https://www.scout.mk/product/aden-down-parka-w-54429/
Aenergy Light ML Hooded Jacket Women 1014-03810,Aenergy Light ML Hooded Jacket Women 1014-03810,,,"Флис со капуљача
Изработен од стреч материјал со лесна топлотна изолацијаДишлив и отпорен на триење",https://www.scout.mk/wp-content/uploads/2022/12/1014-03810-00189_main-600x600.png,[],[],https://www.scout.mk/product/aenergy-light-ml-hooded-jacket-women-1014-03810/
Albula IN Hooded Jacket Women 1013-01791,Albula IN Hooded Jacket Women 1013-01791,,,"Јакна со синтетичко полнење Thermore® Ecodown® со одлична термичка изолација, лесна и тенка",https://www.scout.mk/wp-content/uploads/2022/12/1013-01791-5118_main_-600x600.png,[],[],https://www.scout.mk/product/albula-in-hooded-jacket-women-1013-01791/
Arctic Fox Print T-Shirt F89849,Arctic Fox Print T-Shirt F89849,,,Маица од органски памук со печатена арктичка лисица на предната страна.,https://www.scout.mk/wp-content/uploads/2024/03/Arctic_Fox_Print_T-Shirt_W_89849-113_A_MAIN_FJR-3-600x600.png,[],[],https://www.scout.mk/product/arctic-fox-print-t-shirt-f89849/
AUSTER SKIRT W,AUSTER SKIRT W,"3,690.00ден",,"Здолниште со мека и удобна конструкција на половината, минималниот дизајн дава максимална слобода на движење, а внатрешниот мрежест гајтан е подобрен за да гарантира удобност за време на активноста",https://www.scout.mk/wp-content/uploads/2025/04/Q59999411.jpeg,"['l', 'm', 's']","['black', 'black', 'black']",https://www.scout.mk/product/auster-skirt-w/
BERGBLICK T W A60069,BERGBLICK T W A60069,"2,790.00ден",,Маичка од органски памук,https://www.scout.mk/wp-content/uploads/2024/11/A60069_A0028_9-A100-bergblick-t-w-panna-cotta-30-600x865.jpg,"['l', 'm', 's']","['stilston', 'stilston', 'stilston']",https://www.scout.mk/product/bergblick-t-w-a60069/
BRENTA JACKET W,Brenta Rds Dwn W Jkt 27884,"15,390.00ден",,"Полнета Јакна / Монтка со капуљача
Ветероодбивна и водоодбивна
Полнење: Пердув",https://www.scout.mk/wp-content/uploads/2022/10/27884-1570-600x600.jpg,"['38', '40', '40', '40']","['black', 'blue', 'blue', 'red']",https://www.scout.mk/product/brenta-rds-dwn-w-jkt-27884/
Capitan Ts Ss W MIV9767,Capitan Ts Ss W MIV9767,,,"Лесна, тенка и удобна маица 100% органски памук",https://www.scout.mk/wp-content/uploads/2023/03/MIV9767_7317_C3E_0.webp-600x600.png,[],[],https://www.scout.mk/product/capitan-ts-ss-w-miv9767/
CLASSIC CHECK LS SHIRT,Classic Check Ls Shirt W 62930,"6,190.00ден","6,190.00ден","Кошула
изработена од органски памук",https://www.scout.mk/wp-content/uploads/2022/11/62930_495-600x600.jpg,['l'],['green'],https://www.scout.mk/product/classic-check-ls-shirt-w-62930/
Compass T-Shirt Q31,Compass T-Shirt Q31,"3,690.00ден",,Мултифункционална стреч маица со дополнителна заштита од триење на ранецот дишлива и лесна,https://www.scout.mk/wp-content/uploads/2024/03/Q31323322-600x600.jpg,"['l', 'm']","['red', 'turquoise']",https://www.scout.mk/product/compass-t-shirt-q31/
CONNIE V,CONNIE V,"3,690.00ден",,Женски поларен блејзер,https://www.scout.mk/wp-content/uploads/2025/02/RWL209_3G2_P_A-1-600x600.jpg,"['10', '10', '12', '12', '14', '14', '16']","['navy', 'navy', 'navy', 'navy', 'violet', 'violet', 'violet']",https://www.scout.mk/product/connie-v/
Convey Tour HS Hooded Jacket Women 1010-27851,Convey Tour HS Hooded Jacket Women 1010-27851,,,"Хардшел Jакна со GORE-TEX® 2.5 L
Водоотпорна и ветероотпорна со вентилациски отвори под пазувите
Водоотпорност: 28.000 mm
Дишливост: ret < 9m²pa.w",https://www.scout.mk/wp-content/uploads/2022/12/1010-27851-3492_main-600x600.png,[],[],https://www.scout.mk/product/convey-tour-hs-hooded-jacket-women-1010-27851/
CORINNE IV W,Не е достапно,"4,890.00ден",,"Хардшел Jакна
Водоотпорна и ветероотпорна
Водоотпорност: 5.000 mm
Дишливост: 5.000 > g/m²/24h
Поставена со мрежа",https://www.scout.mk/wp-content/uploads/2024/08/Web-700x700-RWW304_F1N_P_1.jpg,"['10', '10', '10', '10', '10', '12', '12', '12', '12', '14', '14', '14', '14', '16', '16', '16', '18']","['blue', 'blue', 'blue', 'blue', 'orange', 'pink', 'pink', 'pink', 'pink', 'sky', 'sky', 'sky', 'sky', 'sky', 'violet', 'violet', 'violet']",https://www.scout.mk/product/corinne-iv-w-rww304-2/
CORIVER W,WomensCoriver W RWP410,,,3/1 Јакна,https://www.scout.mk/wp-content/uploads/2024/12/RWP410-14M.jpg,[],[],https://www.scout.mk/product/womenscoriver-w-rwp410/
Crosstrail Graphic T W 1807213,Crosstrail Graphic T W 1807213,"2,490.00ден","2,490.00ден","Мултифункционална техничка маица, изработена од вештачки брзосушечки материјал за поудобни спортски ативности",https://www.scout.mk/wp-content/uploads/2023/07/1807213_2184_A020-600x600.png,"['s', 'xs']","['orange', 'orange']",https://www.scout.mk/product/crosstrail-graphic-t-w-1807213/
DAYHIKE TRS IV W,Dayhike Trs IV W RWJ271,"5,290.00ден",,"Панталони
Водоодбивни и ветероотпорни
Изработени од многу дишлив (10.000g/m2/24hrs) и стреч материјал",https://www.scout.mk/wp-content/uploads/2023/12/RWJ271_800_P_A-600x600.jpg,"['12', '14', '16']","['black', 'black', 'black']",https://www.scout.mk/product/dayhike-trs-iv-w-rwj271/
Defy T-Shirt W Q11,Defy T-Shirt W Q11,"3,990.00ден",,"Мултифункционална стреч маица, брзосушечка и изработена од полиестер",https://www.scout.mk/wp-content/uploads/2022/04/Q11624624-600x600.jpg,"['l', 'm']","['blue', 'blue']",https://www.scout.mk/product/defy-t-shirt-w-q11/
ENDRA,Endra W RWA637,"3,990.00ден","3,990.00ден",Флис,https://www.scout.mk/wp-content/uploads/2024/12/RWA637-800.jpg,"['12', '12', '14']","['black', 'black', 'white']",https://www.scout.mk/product/endra-w-rwa637/
Essential T W 1808352,Essential T W 1808352,"2,490.00ден","2,490.00ден",Маица изработена од памук,https://www.scout.mk/wp-content/uploads/2023/07/1808352_2183_A020-600x600.png,['xs'],['pink'],https://www.scout.mk/product/essential-t-w-1808352/
Expedition X-Lätt Vest F86366,Expedition X-Lätt Vest F86366,"11,290.00ден",,Лесен елек што може да се пакува со синтетичко полнење за пешачење и живот на отворено.,https://www.scout.mk/wp-content/uploads/2024/03/Expedition_X-Latt_Vest_W_86366-614_A_MAIN_FJR-6-600x600.png,['l'],['green'],https://www.scout.mk/product/expedition-x-latt-vest-f86366/
FILANDRA IX,FilandraIX W RWT327,"1,590.00ден",,Кратка Маица,https://www.scout.mk/wp-content/uploads/2024/12/RWT327-540.jpg,"['10', '10', '12', '12', '14', '16']","['green', 'green', 'green', 'green', 'stilston', 'stilston']",https://www.scout.mk/product/filandraix-w-rwt327/
FILANDRA VIII W,FILANDRA VIII W RWT297,"1,890.00ден",,Маица изработена од памук,https://www.scout.mk/wp-content/uploads/2024/08/RWT297-7LE-48-600x600.jpg,"['10', '10', '10', '10', '12', '12', '12', '14', '14', '14', '14', '16', '16', '16', '18', '8', '8', '8', '8']","['black', 'black', 'black', 'black', 'black', 'black', 'navy', 'navy', 'navy', 'navy', 'navy', 'violet', 'violet', 'violet', 'violet', 'violet', 'white', 'white', 'white']",https://www.scout.mk/product/filandra-viii-w-rwt297/
Fitz Roy Jkt W MIV8629,Fitz Roy Jkt W MIV8629,"10,290.00ден","10,290.00ден","Хардшел Jакна со DRYEDGE™ MICRO RIPSTOP 2.5L
Водоотпорна и ветероотпорна со вентилациски отвори под пазувите
Водоотпорност: 10.000 mm
Дишливост: 10 000 g.m².24h",https://www.scout.mk/wp-content/uploads/2021/05/MIV8629-9162-600x600.jpg,"['l', 'm']","['turquoise', 'turquoise']",https://www.scout.mk/product/fitz-roy-jkt-w-miv8629/
Fitz Roy Jkt W MIV9707,Fitz Roy Jkt W MIV9707,"11,590.00ден","11,590.00ден","Хардшел Jакна со DRYEDGE™ MICRO RIPSTOP 2.5L
Водоотпорна и ветероотпорна со вентилациски отвори под пазувите
Водоотпорност: 10.000 mm
Дишливост: 10 000 g.m².24h",https://www.scout.mk/wp-content/uploads/2023/03/MIV9707_9447_C3E_0.webp-600x600.png,"['l', 'l', 'm', 's', 's', 's']","['berry', 'berry', 'blue', 'blue', 'blue', 'turquoise']",https://www.scout.mk/product/fitz-roy-jkt-w-miv9707/
Fitz Roy Stretch Jkt W MIV8722,Fitz Roy Stretch Jkt W MIV8722,,,"Хардшел Jакна со DRYEDGE™ MICRO RIPSTOP 2.5L
Водоотпорна и ветероотпорна со вентилациски отвори под пазувите
Водоотпорност: 10.000 mm
Дишливост: 10 000 g.m².24h",https://www.scout.mk/wp-content/uploads/2022/04/miv8722-9162-Copy-600x600.jpg,[],[],https://www.scout.mk/product/fitz-roy-stretch-jkt-w-miv8722/
Fjällräven Logo Tee F87146,Fjällräven Logo Tee F87146,"3,090.00ден",,Удобна маица изработена од мешавина на органски памук/рециклиран полиестер и лого на предната страна.,https://www.scout.mk/wp-content/uploads/2024/03/Fjallraven_Logo_Tee_W_87146-133_A_MAIN_FJR-6-600x600.png,"['m', 's']","['yellow', 'yellow']",https://www.scout.mk/product/fjallraven-logo-tee-f87146/
Florell Box T W 1809051,Florell Box T W 1809051,"2,490.00ден","2,490.00ден",Маица изработена од памук,https://www.scout.mk/wp-content/uploads/2023/07/1809051_1282_A020-600x600.png,"['s', 'xs']","['blue', 'blue']",https://www.scout.mk/product/florell-box-t-w-1809051/
FLOREO IV,FLOREO IV,"3,090.00ден","3,090.00ден",Женски спортски флис поларен,https://www.scout.mk/wp-content/uploads/2025/02/RWA528-61I.jpg,"['10', '10', '10', '10', '10', '10', '12', '12', '12', '12', '14', '14', '14', '14', '14', '14', '16', '16', '18', '18', '20', '8', '8', '8']","['bordeaux', 'bordeaux', 'bordeaux', 'bordeaux', 'bordeaux', 'grey', 'grey', 'grey', 'grey', 'navy', 'navy', 'navy', 'navy', 'navy', 'pink', 'pink', 'sky', 'sky', 'sky', 'white', 'white', 'white', 'white', 'white']",https://www.scout.mk/product/floreo-iv/
Fox Boxy Logo Tee F87153,Fox Boxy Logo Tee F87153,"3,090.00ден",,Удобна маица изработена од мешавина на органски памук/рециклиран полиестер и лого на предната страна.,https://www.scout.mk/wp-content/uploads/2024/03/Fox_Boxy_Logo_Tee_W_87153-620_A_MAIN_FJR-6-600x600.png,"['l', 'm']","['green', 'green']",https://www.scout.mk/product/fox-boxy-logo-tee-f87153/
FRITHA II,Fritha II RWN219,"7,490.00ден",,"Градска јакна, термогард изолација",https://www.scout.mk/wp-content/uploads/2022/10/RWN219_MWM_P_1-600x600.jpg,['10'],['red'],https://www.scout.mk/product/fritha-ii-rwn219/
GEO SSHELL TRS II,Geo SShell Trs II RWJ113R,"5,190.00ден",,"Софтшел Панталони
Дишливост 10.000 g/m²/24 часа
Водоотпорна и ветроотпорна мембрана, издржлив водоотпорен финиш.
Еластичен струк и повеќе џебови.",https://www.scout.mk/wp-content/uploads/2022/10/RWJ113R_800_P_3-600x600.jpg,"['14', '16']","['black', 'black']",https://www.scout.mk/product/geo-sshell-trs-ii-rwj113r/
GLAABACH 3IN1 JKT W,GLAABACH 3IN1 JKT W,"15,390.00ден","15,390.00ден",Женска хибридна јакна 3 во 1,https://www.scout.mk/wp-content/uploads/2025/02/A61887.jpg,"['l', 'xl']","['grey', 'grey']",https://www.scout.mk/product/glaabach-3in1-jkt-w/
Go Hike Jacket W 1113972,Go Hike Jacket W 1113972,"12,990.00ден",,"Хардшел Jакна
Водоотпорна и ветероотпорна
Водоотпорност: 20.000 mm
Дишливост: 15.000 > g/m²/24h",https://www.scout.mk/wp-content/uploads/2023/05/1113972_1283_A020.tif-600x600.png,"['l', 's']","['turquoise', 'turquoise']",https://www.scout.mk/product/go-hike-jacket-w-1113972/
Go Hike Softshell W 1306862,Go Hike Softshell W 1306862,"9,590.00ден",,"Софтшел Јакна со капуљача
Водоодбивна и ветероодбивна
Изработена од средно дебел софтшел материјал",https://www.scout.mk/wp-content/uploads/2023/05/1306862_1281_A020.tif-600x600.png,"['l', 'l', 's', 's']","['blue', 'blue', 'orange', 'orange']",https://www.scout.mk/product/go-hike-softshell-w-1306862/
Go Hike W 1306861,Go Hike W 1306861,"7,590.00ден",,"Софтшел Јакна со капуљача
Водоодбивна и ветероодбивна
Изработена од многу дишлив и лесен стреч материјал",https://www.scout.mk/wp-content/uploads/2022/05/1306861_2178_A020-2-600x600.jpg,"['m', 'm']","['pink', 'red']",https://www.scout.mk/product/go-hike-w-1306861/
Granite Ts Ss W MIV9763,Granite Ts Ss W MIV9763,,,"Функционална Маица
Изработена од многу лесен материјал кој не развива миризба при потење 65% полиестер 35% вискоза",https://www.scout.mk/wp-content/uploads/2023/03/MIV9763_8743_C3E_0.webp-600x600.png,[],[],https://www.scout.mk/product/granite-ts-ss-w-miv9763/
Hazy Mtn Ts W MIV9077,Hazy Mtn Ts W MIV9077,"2,290.00ден","2,290.00ден","Функционална Маица
Изработена од многу лесен материјал кој не развива миризба при потење
100% полиестер",https://www.scout.mk/wp-content/uploads/2021/05/MIV9077-8737-600x600.jpg,"['m', 's']","['orange', 'orange']",https://www.scout.mk/product/hazy-mtn-ts-w-miv9077/
Helags Cap F77357,Helags Cap F77357,,,Класична капа одо G-1000 материјал. Со отвор за вентилација и кожно лого Fjällräven напред.,https://www.scout.mk/wp-content/uploads/2023/12/Helags_Cap_77357-520_A_MAIN_FJR-2-600x600.png,[],[],https://www.scout.mk/product/helags-cap-f77357/
High Coast Lite Dress F83502,High Coast Lite Dress F83502,"7,490.00ден",,Лесен летен фустан за топла клима.,https://www.scout.mk/wp-content/uploads/2024/03/High_Coast_Lite_Dress_W_83502-560_A_MAIN_FJR-6-600x600.png,['s'],['green'],https://www.scout.mk/product/high-coast-lite-dress-f83502/
High Coast Lite Shorts F89431,High Coast Lite Shorts F89431,"6,190.00ден",,Лесни и растегливи кратки панталони кои брзо се сушат за секојдневна употреба и патување во топла клима.,https://www.scout.mk/wp-content/uploads/2024/03/High_Coast_Lite_Shorts_W_89431-018_A_MAIN_FJR-3-600x600.png,"['36', '36', '38', '38', '40', '40']","['green', 'green', 'green', 'grey', 'grey', 'grey']",https://www.scout.mk/product/high-coast-lite-shorts-f89431/
HIGHLOFT GLOVE WOMEN A63073,HIGHLOFT GLOVE WOMEN A63073,"2,990.00ден","2,990.00ден",Топли софтшел ракавици кои не пропуштаат ветер и вода,https://www.scout.mk/wp-content/uploads/2024/11/A63073-6000-600x865.jpg,"['l', 'm', 'm', 's', 's']","['black', 'black', 'navy', 'navy', 'navy']",https://www.scout.mk/product/highloft-glove-women-a63073/
Highloft Knit Mitten 1908001,Highloft Knititten 1908001,"2,590.00ден","2,590.00ден",Ракавици плетени со ситетичко крзно,https://www.scout.mk/wp-content/uploads/2020/11/1908001-1910-600x600.png,"['m', 's']","['navy', 'navy']",https://www.scout.mk/product/highloft-knititten-1908001/
Innominata Light ML Jacket Women 1014-04480,Innominata Light ML Jacket Women 1014-04480,"6,290.00ден","6,290.00ден","Флис,Изработен од стреч материјал со лесна до средна топлотна изолацијаДишлив и отпорен на триење погоден за различни активност",https://www.scout.mk/wp-content/uploads/2023/12/1014-04480-6429-600x600.jpg,['l'],['violet'],https://www.scout.mk/product/innominata-light-ml-jacket-women-1014-04480/
Kiruna Jacket W 1704513,Kiruna Jacket W 1704513,"4,990.00ден","4,990.00ден","Флис
Високо дишлив и топол полар",https://www.scout.mk/wp-content/uploads/2023/07/1704513_1010_A020-600x600.png,"['l', 'xl']","['navy', 'navy']",https://www.scout.mk/product/kiruna-jacket-w-1704513/
Lapiaz Pant W MIV9620,Lapiaz Pant W MIV9620,"7,790.00ден","7,790.00ден",ПанталониТопли и растегливи идеални за поладни условиВодоодбивни и отпорни на триење,https://www.scout.mk/wp-content/uploads/2022/11/MIV9620-0247-600x600.jpg,"['40', '42']","['navy', 'navy']",https://www.scout.mk/product/lapiaz-pant-w-miv9620/
LARAINE,LARAINE,"3,190.00ден",,"Материјал:
R-TEX
PrimaLoft
Флис
Микрофибер
Карактеристики:
Touch Tec",https://www.scout.mk/wp-content/uploads/2022/12/6035222-6000-600x600.jpg,"['7', '7-5']","['black', 'black']",https://www.scout.mk/product/laraine/
LEGITIMATE,Legitimate DWJ475,"2,790.00ден","2,790.00ден",Лесни брзосужечки хеланки,https://www.scout.mk/wp-content/uploads/2023/05/DWJ475_R73_P_1-600x600.jpg,['8'],['navy'],https://www.scout.mk/product/legitimate-dwj475/
Lokka Hdi Iii W MIV9720,Lokka Hdi Iii W MIV9720,,,"Флис
Изработен од стреч материјал Лесен, тенок и дишлив погоден за секаква активност",https://www.scout.mk/wp-content/uploads/2023/03/MIV9720_8743_C3E_0.webp-600x600.png,['s'],['pink'],https://www.scout.mk/product/lokka-hdi-iii-w-miv9720/
LOREDANA,LOREDANA,"2,990.00ден",,"Материјал:
PrimaLoft® Gold
Карактеристики:
TOUCH-TEC
Силиконски грип",https://www.scout.mk/wp-content/uploads/2022/12/4935198-4509-600x600.jpg,"['6-5', '7-5']","['black', 'black']",https://www.scout.mk/product/loredana/
Magma Sh Hd W MIV9589,Magma Sh Hd W MIV9589,"11,590.00ден","11,590.00ден","Софтшел јакнаВодоотпорна: 5 000 mm, ветроодбивна и дишлива: 3 000 g/m²/24h од растеглив материјал",https://www.scout.mk/wp-content/uploads/2023/12/MIV9589-9845-600x600.png,"['l', 's']","['sky', 'sky']",https://www.scout.mk/product/magma-sh-hd-w-miv9589/
Mammut Core T-Shirt Women Logo 1017-03902,Mammut Core T-Shirt Women Logo 1017-03902,"2,590.00ден","2,590.00ден","Лесна, тенка и удобна маица 50% органски памук 50% полиестер",https://www.scout.mk/wp-content/uploads/2023/12/1017-03902-6429-600x600.jpg,['l'],['violet'],https://www.scout.mk/product/mammut-core-t-shirt-women-logo-1017-03902/
MayseHoody W RWA645,MayseHoody W RWA645,,,Флис,https://www.scout.mk/wp-content/uploads/2024/12/RWA645-0R2-600x600.jpg,[],[],https://www.scout.mk/product/maysehoody-w-rwa645/
MOVE,Move DWJ555R,,,"Мултифункционални Хеланки
Изработени од многу лесен и растеглив материал, кој не развива миризба при потење",https://www.scout.mk/wp-content/uploads/2023/05/DWJ555_QFI_P_2-600x600.jpg,[],[],https://www.scout.mk/product/move-dwj555r/
Multisport Sock Wmn 3I63466,Multisport Sock Wmn 3I63466,790.00ден,,Мултифункционални чорапи,https://www.scout.mk/wp-content/uploads/2022/07/3I63466_19HL_A-600x600.jpg,['36-38'],['pink'],https://www.scout.mk/product/multisport-sock-wmn-3i63466/
Nature T-shirt F84787,Nature T-shirt F84787,,,Маичка изработена од органски памук за релаксиран живот на отворено во лето.,https://www.scout.mk/wp-content/uploads/2024/03/Nature_T-shirt_W_84787-516_A_MAIN_FJR-6-600x600.png,"['l', 'm']","['green', 'green']",https://www.scout.mk/product/nature-t-shirt-f84787/
NORD GRAPHIC HOODIE W,Nord Graphic Pullover Hoodie W 62981,"4,690.00ден","4,690.00ден","Дуксер со капа
80% памук 20% полиестер",https://www.scout.mk/wp-content/uploads/2022/11/62981_406-600x600.jpg,['l'],['green'],https://www.scout.mk/product/nord-graphic-pullover-hoodie-w-62981/
NORDLICHT COAT W A60038,NORDLICHT COAT W A60038,,,Долга парка со полнење од пердуви,https://www.scout.mk/wp-content/uploads/2024/11/A60038-C0413-600x865.jpg,[],[],https://www.scout.mk/product/nordlicht-coat-w-a60038/
Nurie W RWN319,Nurie W RWN319,,,Јакна,https://www.scout.mk/wp-content/uploads/2024/12/RWN319-800.jpg,[],[],https://www.scout.mk/product/nurie-w-rwn319/
Pacer T-Shirt Q55,Pacer T-Shirt Q55,"3,690.00ден",,"Мултифункционална стреч маица, дишлива и лесна изработена од полиестер",https://www.scout.mk/wp-content/uploads/2024/03/Q55323322-600x600.jpg,['m'],['red'],https://www.scout.mk/product/pacer-t-shirt-q55/
PACER TANK W,PACER TANK W,"3,090.00ден",,"Лесна маичка, мека на кожата со Polygiene® за повеќе да се носи и помалку да се мие.",https://www.scout.mk/wp-content/uploads/2025/04/Q54645643.jpeg,"['l', 'm', 's']","['blue', 'blue', 'blue']",https://www.scout.mk/product/pacer-tank-w/
PACK IT JKT III W,PACK IT JKT III W RWW305,"2,990.00ден",,"Хардшел Jакна
Водоотпорна и ветероотпорна
Водоотпорност: 5.000 mm
Дишливост: 5.000 > g/m²/24h
Непоставена",https://www.scout.mk/wp-content/uploads/2024/08/RWW305-25810-600x600.jpg,"['10', '12', '16', '16', '18']","['turquoise', 'turquoise', 'violet', 'violet', 'violet']",https://www.scout.mk/product/pack-it-jkt-iii-w-rww305/
Parana Pants W 1111861,Parana Pants W 1111861,"10,590.00ден","10,590.00ден","Полнети Хардшел Панталони
Екстра топлотна изолација
Водоотпорност: 20.000mm
Дишливост: 15.000 g/m²/24h",https://www.scout.mk/wp-content/uploads/2022/10/1111861_1388_A160-600x600.png,"['34', '38']","['grey', 'grey']",https://www.scout.mk/product/parana-pants-w-1111861/
Park Avenue Jacket 1107743,Park Avenue Jacket 1107743,"14,990.00ден","14,990.00ден","Јакна
Водоотпорна и ветероотпорна
Водоотпорност: 10.000 mm
Дишливост: 6.000 > g/m²/24h
Робусна и добро поставена и полнета со синтетичко полнење",https://www.scout.mk/wp-content/uploads/2022/10/1107743_1010_A020-600x600.png,"['m', 'm']","['black', 'green']",https://www.scout.mk/product/park-avenue-jacket-1107743/
PEDROC 3 W,Pedroc 3 Dst W 26956,"7,190.00ден",,"Функционална Панталони
Изработени од многу лесен и растеглив софтшел материал, кој е водообивен и издржлив на абразија и не развива миризба при потење",https://www.scout.mk/wp-content/uploads/2021/04/26956-311-600x600.jpg,"['34', '36']","['black', 'black']",https://www.scout.mk/product/pedroc-3-dst-w-26956/
PEDROC 4 PANTS W,Pedroc 4 Dst W Reg Pants 28594,"7,790.00ден",,"Функционална Панталони
Изработени од многу лесен и растеглив софтшел материал, кој е водообивен и издржлив на абразија и не развива миризба при потење",https://www.scout.mk/wp-content/uploads/2023/05/28594-910-600x600.png,"['34', '36', '38']","['black', 'black', 'black']",https://www.scout.mk/product/pedroc-4-dst-w-reg-pants-28594/
Pocketshell Jkt Q57,Pocketshell Jkt Q57,"11,390.00ден",,Лесна заштита за сите временски услови лесно се пакува штити од ветар и лесен дожд,https://www.scout.mk/wp-content/uploads/2024/03/Q57638638-600x600.jpg,"['l', 'm', 's']","['turquoise', 'turquoise', 'turquoise']",https://www.scout.mk/product/pocketshell-jkt-q57/
PUEZ AQUA 3 PTX W,Puez Aqua 3 Ptx W Jkt 24546,"6,690.00ден",,"Хардшел Jакна
Водоотпорна и ветероотпорна
Водоотпорност: 10.000 mm
Дишливост: 10.000 > g/m²/24h",https://www.scout.mk/wp-content/uploads/2021/04/24546-1832-600x600.jpg,['42'],['red'],https://www.scout.mk/product/puez-aqua-3-ptx-w-jkt-24546-2/
PUEZ AQUA 4 PTX W 2.5L,Puez Aqua 4 Ptx 2.5L W Jacket 28616,"9,090.00ден",,"Женска лесна, водоотпорна и дишлива 2.5 слојна јакна за планинарење со Powertex мембрана Водоотпорност: 10.000 mm
Дишливост: 10.000 > g/m²/24h",https://www.scout.mk/wp-content/uploads/2023/05/28616-396036-600x600.png,"['36', '38', '40']","['navy', 'navy', 'navy']",https://www.scout.mk/product/puez-aqua-4-ptx-2-5l-w-jacket-28616/
PUEZ DOLOMITIC 2 W,Puez Dolomitic 2 Dst W Reg Pnt 28487,,,"Женски трекинг панталони, цврсти водоодбивни и отпорни на ветар",https://www.scout.mk/wp-content/uploads/2022/10/28487-910-600x600.jpg,[],[],https://www.scout.mk/product/puez-dolomitic-2-dst-w-reg-pnt-28487/
PUEZ DOLOMITIC PANTS W,Не е достапно,"7,590.00ден",,"Панталони
Ветероотпорни, водоодбивни
Изработени од топол и дишлив стреч материјал",https://www.scout.mk/wp-content/uploads/2022/03/27230-0910-600x600.jpg,['40'],['black'],https://www.scout.mk/product/puez-dolomitic-dst-w-reg-pnt-27230-2/
PUEZ MELANGE DRY W,Puez Melange Dry W 26538,"2,390.00ден",,"Функционална Маица
Изработена од многу лесен и растеглив материал, кој не развива миризба при потење",https://www.scout.mk/wp-content/uploads/2021/04/26538-1836-600x600.jpg,"['36', '40']","['navy', 'pink']",https://www.scout.mk/product/puez-melange-dry-w-26538/
PUEZ PL JACKET W,Puez Pl Jkt W 28479,"6,490.00ден",,"Лесен флис за одлична термичка изолција, дишлив и брзо се суши и се компресира.",https://www.scout.mk/wp-content/uploads/2024/01/28479-302036-600x600.jpg,"['36', '40']","['blue', 'blue']",https://www.scout.mk/product/puez-pl-jkt-w-28479/
QUESTRA V W,Questra V W RWJ290,"5,890.00ден","5,890.00ден","Панталони од софтшел ткаена со топла подлога, појачани на колена, издржлив водоотпорен финиш, отпорен на ветер, со еластичен струк и повеќе џебови",https://www.scout.mk/wp-content/uploads/2023/12/RWJ290_0FP_P_1-600x600.jpg,"['12', '14', '14', '16', '16', '18', '18']","['black', 'black', 'gray', 'gray', 'navy', 'navy', 'navy']",https://www.scout.mk/product/questra-v-w-rwj290/
ROMINE,Romine RWP351,"8,590.00ден",,"Градска јакна, водоотпорна ткаенина 5000mm, залепени шевови, издржлив водоотпорен финиш, термогард изолација",https://www.scout.mk/wp-content/uploads/2022/10/RWP351_0GE_P_1-600x600.jpg,"['10', '12', '16', '18', '20']","['navy', 'navy', 'navy', 'navy', 'navy']",https://www.scout.mk/product/romine-rwp351/
RUN VISIBLE TIGHT W,Run Visible Tight W 221558-044,"5,490.00ден","5,490.00ден",Хеланки за трчање удобни и дишливи со рефлектирачки детали за подобра видливост навечер,https://www.scout.mk/wp-content/uploads/2023/09/221558_044_MF_Run_Visible_Tight-600x600.png,"['l', 'm']","['gray', 'gray']",https://www.scout.mk/product/run-visible-tight-w-221558-044/
SABINKA,Sabinka RWP352,"8,590.00ден",,"Градска јакна, водоотпорна ткаенина Hydrafort 100% , залепени шевови, издржлив водоотпорен финиш, термогард изолација",https://www.scout.mk/wp-content/uploads/2022/10/RWP352_3JA_P_1-600x600.jpg,['14'],['black'],https://www.scout.mk/product/sabinka-rwp352/
SASKIA,SASKIA,"2,690.00ден",,"Материјал:
PrimaLoft® Gold
Карактеристики:
TOUCH-TEC
Силиконски грип",https://www.scout.mk/wp-content/uploads/2022/12/4835101-7702-600x600.jpg,"['6-5', '7', '7-5', '8']","['black', 'black', 'black', 'black']",https://www.scout.mk/product/saskia/
Seneca Hoodie W MIV9487,Seneca Hoodie W MIV9487,,,"Флис со капуљача
Изработен од стреч материјал со лесна до средна топлотна изолација",https://www.scout.mk/wp-content/uploads/2023/12/MIV9487-8743-01-600x600.png,[],[],https://www.scout.mk/product/seneca-hoodie-w-miv9487/
Seneca Iii Hd W MIV9175,Seneca Iii Hd W MIV9175,"7,790.00ден","7,790.00ден","Флис
Изработен од стреч материјал со лесна до средна топлотна изолација",https://www.scout.mk/wp-content/uploads/2021/11/miv9175-9544-600x600.jpg,"['m', 's']","['blue', 'blue']",https://www.scout.mk/product/seneca-iii-hd-w-miv9175/
Seneca Jkt W MIV9488,Seneca Jkt W MIV9488,"7,790.00ден","7,790.00ден","Флис
Изработен од стреч материјал со лесна до средна топлотна изолацијаДишлив и отпорен на триење",https://www.scout.mk/wp-content/uploads/2022/10/miv9488-9546-600x600.jpg,"['l', 'l', 'l', 'm', 'm', 'm', 's', 's']","['navy', 'navy', 'navy', 'pink', 'pink', 'pink', 'pink', 'pink']",https://www.scout.mk/product/seneca-jkt-w-miv9488/
SOLID DRY W,Solid Dry W 27019,"2,390.00ден",,"Функционална Маица
Изработена од многу лесен и растеглив материјал, кој не развива миризба при потење
Комбинација: 85% полиестер, 15% памук",https://www.scout.mk/wp-content/uploads/2021/04/27019-6385-600x600.jpg,['36'],['pink'],https://www.scout.mk/product/solid-dry-w-27019/
Stina Jacket F89234,Stina Jacket F89234,"13,590.00ден",,"Удобна, практична секојдневна јакна изработена од издржливи G-1000 Original и G-1000 Lite. Фиксна капуљача, два странични џебови. Со нанесување на восок од програмата на Fjallraven станува водоотпорна.",https://www.scout.mk/wp-content/uploads/2024/03/Stina_Jacket_W_89234-243_A_MAIN_FJR-2-600x600.png,['l'],['orange'],https://www.scout.mk/product/stina-jacket-f89234/
Stina Trousers F84775,Stina Trousers F84775,"9,990.00ден",,Удобни панталони со растегливи делови и заострени ногавици.,https://www.scout.mk/wp-content/uploads/2024/03/Stina_Trousers_W_84775-232_A_MAIN_FJR-6-600x600.png,"['36', '38', '42']","['black', 'black', 'brown']",https://www.scout.mk/product/stina-trousers-f84775/
Stormy Point 2L Jkt W 1111202,Stormy Point 2L Jkt W 1111202,"7,390.00ден",,"Хардшел Jакна
Водоотпорна и ветероотпорна
Водоотпорност: 10.000 mm
Дишливост: 6.000 > g/m²/24h",https://www.scout.mk/wp-content/uploads/2023/05/1111202_1010_A020.tif-600x600.png,"['m', 'm', 'm']","['navy', 'orange', 'red']",https://www.scout.mk/product/stormy-point-2l-jkt-w-1111202/
SUDDEN SHORT W,SUDDEN SHORT W,"3,090.00ден",,Ултра лесен шорц за трчање и други спортски активности,https://www.scout.mk/wp-content/uploads/2025/04/Q58644643.jpeg,"['l', 'm', 's', 'xs']","['blue', 'blue', 'blue', 'blue']",https://www.scout.mk/product/sudden-short-w/
SWEETHART,SWEETHART,"1,790.00ден",,"Женска блуза халф зип поларна, флис",https://www.scout.mk/wp-content/uploads/2025/02/RWA027_1QA_P_A-3-600x600.jpg,"['10', '10', '10', '10', '10', '10', '12', '12', '12', '12', '12', '12', '12', '14', '14', '14', '14', '14', '14', '16', '16', '16', '16', '8']","['blue', 'blue', 'blue', 'blue', 'bordeaux', 'bordeaux', 'grey', 'grey', 'grey', 'grey', 'orange', 'orange', 'orange', 'orange', 'orange', 'pink', 'stilston', 'stilston', 'stilston', 'stilston', 'stilston', 'turquoise', 'turquoise', 'turquoise']",https://www.scout.mk/product/sweethart/
SWEETNESS B/W II,Sweetness B/W II RWB053,"1,790.00ден",,"Елек флис
Изработен од лесен стреч материјал со лесна топлотна изолација",https://www.scout.mk/wp-content/uploads/2023/05/RWB053_3EA_P_1-600x600.jpg,"['10', '10', '10', '12', '12', '12', '12', '12', '14', '14', '14', '16', '16', '16', '16', '16', '18', '18', '20', '20']","['black', 'black', 'black', 'blue', 'bordeaux', 'bordeaux', 'bordeaux', 'bordeaux', 'bordeaux', 'bordeaux', 'navy', 'navy', 'navy', 'navy', 'navy', 'navy', 'navy', 'turquoise', 'turquoise', 'turquoise']",https://www.scout.mk/product/sweetness-b-w-ii-rwb053/
Taiss SO Pants Women 1021-00880,Taiss SO Pants Women 1021-00880,"11,290.00ден","11,290.00ден","Панталони погодни за различни аутдор активности, Дишливи,ветроодбивни од растеглив материјал отпорни на триење",https://www.scout.mk/wp-content/uploads/2023/12/1021-00880-5118-600x600.jpg,"['36', '42']","['navy', 'navy']",https://www.scout.mk/product/taiss-so-pants-women-1021-00880/
TAUNUS HZ W,TAUNUS HZ W,"3,690.00ден",,"Женска поларна блуза, халф зип",https://www.scout.mk/wp-content/uploads/2025/02/1709532-A0029.jpg,"['l', 'l', 'm', 's', 's']","['grey', 'grey', 'red', 'red', 'red']",https://www.scout.mk/product/taunus-hz-w/
Tech T W 1807122,Tech T W 1807122,"2,190.00ден","2,190.00ден","Мултифункционална техничка маица, изработена од вештачки брзосушечки материјал за поудобни спортски ативности",https://www.scout.mk/wp-content/uploads/2023/05/1807122_1010_A020-600x600.png,"['m', 's', 'xl']","['navy', 'navy', 'orange']",https://www.scout.mk/product/tech-t-w-1807122/
TEMPELHOF COAT W,TEMPELHOF COAT W,"15,390.00ден","15,390.00ден","Женска зимска јакна
Топлинска изолација, ветероотпорна",https://www.scout.mk/wp-content/uploads/2025/02/A60202.jpg,"['l', 's']","['grey', 'grey']",https://www.scout.mk/product/tempelhof-coat-w/
TEMPELHOF COAT W A60202,TEMPELHOF COAT W A60202,"15,390.00ден","15,390.00ден","TEMPELHOF COAT W е комбинација на стил, удобност и функционалност за модерни жени. Со целосна заштита од временските услови, модерен стил и лесна PRIMALOFT изолација, TEMPELHOF COAT е идеална за меѓу сезони сезони или зими во поумерена клима.",https://www.scout.mk/wp-content/uploads/woocommerce-placeholder.png,"['l', 'm']","['black', 'black']",https://www.scout.mk/product/tempelhof-coat-w-a60202/
TERMINAL PANTS W,W Terminal Pnt 27930,"8,990.00ден",,"Панталони
Ветероотпорни, водоодбивни
Изработени од топол и дишлив стреч материјал",https://www.scout.mk/wp-content/uploads/2020/11/27930-911-600x600.jpg,['36'],['black'],https://www.scout.mk/product/terminal-dst-w-pnt-27930/
Timing Short W Q13,Timing Short W Q13,"5,590.00ден",,Ултра лесен шорц за трчање и други спортски активности,https://www.scout.mk/wp-content/uploads/2022/04/Q13624625-600x600.jpg,"['l', 'm', 'm', 's']","['black', 'black', 'black', 'turquoise']",https://www.scout.mk/product/timing-short-w-q13/
Tracer T-Shirt Q53,Tracer T-Shirt Q53,,,Удобна функционална маица без ракави со технологија која природно го регулира мирисот и ја отстранува влагата.,https://www.scout.mk/wp-content/uploads/2024/03/Q53639638-600x600.jpg,[],[],https://www.scout.mk/product/tracer-t-shirt-q53/
Tracer Tank Q52,Tracer Tank Q52,"2,790.00ден",,Удобна функционална маица без ракави со технологија која природно го регулира мирисот и ја отстранува влагата.,https://www.scout.mk/wp-content/uploads/2024/03/Q52323323-600x600.jpg,"['l', 'm', 's']","['red', 'red', 'turquoise']",https://www.scout.mk/product/tracer-tank-q52/
Travellers MT Hat F84766,Travellers MT Hat F84766,"3,390.00ден",,"Лесна, капа на преклопување. Погодна за пешачење и патување во сончеви денови",https://www.scout.mk/wp-content/uploads/2023/12/Travellers_MT_Hat_84766-030_A_MAIN_FJR-2-600x600.png,['m'],['blue'],https://www.scout.mk/product/travellers-mt-hat-f84766/
Trek S Short W MIV8434,Trek S Short W MIV8434,,,"Ултра лесни и растегливи кратки панталони
88% полиестер 12% еластин",https://www.scout.mk/wp-content/uploads/2021/05/MIV8434-9162-600x600.jpg,[],[],https://www.scout.mk/product/trek-s-short-w-miv8434/
Trekker Tight W MIV9081,Trekker Tight W MIV9081,"6,490.00ден","6,490.00ден","Функционални Панталони
Изработени од многу лесен материал, растегливи и дишливи идеални за планинарење",https://www.scout.mk/wp-content/uploads/2022/04/miv9081-7317-600x600.jpg,['38'],['navy'],https://www.scout.mk/product/trekker-tight-w-miv9081/
Tribeni Hoodie W MIV9495,Tribeni Hoodie W MIV9495,"7,790.00ден","7,790.00ден","Топол флис
Дополнителна водоодбивна заштита на капуљачата и рамењата",https://www.scout.mk/wp-content/uploads/2022/10/miv9495-9728-600x600.jpg,['l'],['violet'],https://www.scout.mk/product/tribeni-hoodie-w-miv9495/
Tribeni Ii Hoodie W MIV9174,Tribeni Ii Hoodie W MIV9174,"7,790.00ден","7,790.00ден","Топол флис
Дополнителна водоодбивна заштита на капуљачата и рамењата",https://www.scout.mk/wp-content/uploads/2021/12/miv9174-9596-600x600.jpg,['s'],['red'],https://www.scout.mk/product/tribeni-ii-hoodie-w-miv9174/
Ultimate Comfort SO Hooded Jacket Women 1011-01960,Ultimate Comfort SO Hooded Jacket Women 1011-01960,"14,990.00ден","14,990.00ден","Софтшел јакнаВодоодбивна, ветроодбивна од растеглив материјал дишливост 10,000 g/m²/24h погодназа секаков вид на Outdoor активности",https://www.scout.mk/wp-content/uploads/2022/12/1011-01960-5118_main-600x600.png,"['l', 'm']","['navy', 'navy']",https://www.scout.mk/product/ultimate-comfort-so-hooded-jacket-women-1011-01960/
Vardag Jacket F87007,Vardag Jacket F87007,,,Секојдневна јакна која е подеднакво погодна за во град како и за секојдневен живот на отворено.,https://www.scout.mk/wp-content/uploads/2024/03/Vardag_Jacket_W_87007-242_A_MAIN_FJR-4-600x600.png,['s'],['stilston'],https://www.scout.mk/product/vardag-jacket-f87007/
VONNAN GRAPHIC T W,VONNAN GRAPHIC T W,"2,790.00ден",,Женска спортска маица,https://www.scout.mk/wp-content/uploads/2025/02/A62317-1388.jpg,"['l', 'm', 's']","['grey', 'grey', 'grey']",https://www.scout.mk/product/vonnan-graphic-t-w/
W FINGAL VII,Womens Fingal VII RWT278,"1,290.00ден",,"Функционална Маица
Изработена од многу лесен и растеглив материал",https://www.scout.mk/wp-content/uploads/2023/05/RWT278_9B8_P_1-600x600.jpg,['16'],['berry'],https://www.scout.mk/product/womens-fingal-vii-rwt278/
W LIFA MERINO MIDW GRA CREW,W LIFA MERINO MIDW GRA CREW 49379_013,,,"Технички бејзлејер кој обезбедува топлина, заштита од влага и комфорт при секакви активности",https://www.scout.mk/wp-content/uploads/2023/12/49379_013-600x600.jpg,[],[],https://www.scout.mk/product/w-lifa-merino-midw-gra-crew-49379_013/
W LIFA MERINO MIDWEIGHT PANTS,W Lifa Merino Midweight Pant 49380,,,"Техничка долна облека (прв слој) 57% мерино, 43% полипропилен",https://www.scout.mk/wp-content/uploads/2023/01/49380_597-600x600.jpg,[],[],https://www.scout.mk/product/w-lifa-merino-midweight-pant-49380/
W LOKKA FLANNEL LS SHIRT,W LOKKA FLANNEL LS SHT 62801_498,"6,790.00ден","6,790.00ден","Фланел кошула од органски памук, совршена како среден слој за секакви временски услови",https://www.scout.mk/wp-content/uploads/2023/12/62801_498-600x600.jpg,"['l', 'm', 's']","['lime', 'lime', 'lime']",https://www.scout.mk/product/w-lokka-flannel-ls-sht-62801_498/
W SKOG GRAPHIC TEE,W SKOG GRAPHIC TEE,"2,790.00ден","2,790.00ден",Маица со лого од органски памук,https://www.scout.mk/wp-content/uploads/2025/02/63083-049.jpg,"['l', 'm', 's']","['blue', 'white', 'white']",https://www.scout.mk/product/w-skog-graphic-tee/
Wanaka Stretch Pt Ii W MIV8646,Wanaka Stretch Pt Ii W MIV8646,"5,790.00ден","5,790.00ден","Технички Ултра лесни панталони
четиринасочно растегливи
87% полиестер 13% еластин",https://www.scout.mk/wp-content/uploads/2022/04/miv8646-0247-Copy-600x600.jpg,"['36', '38', '40', '40']","['black', 'black', 'navy', 'navy']",https://www.scout.mk/product/wanaka-stretch-pt-ii-w-miv8646/
Wanaka Stretch Short Ii W MIV8648,Wanaka Stretch Short Ii W MIV8648,"3,890.00ден","3,890.00ден","Технички Ултра лесни бермуди
четиринасочно растегливи
87% полиестер 13% еластин",https://www.scout.mk/wp-content/uploads/2022/04/miv8648-0247-Copy-600x600.jpg,['38'],['black'],https://www.scout.mk/product/wanaka-stretch-short-ii-w-miv8648/
WILD FLOWER W,Wild Flower T W 1808361,"2,290.00ден","2,290.00ден","Маица
Изработена од 100% органски памук",https://www.scout.mk/wp-content/uploads/2022/05/1808361_1246_A010-600x600.jpg,['m'],['red'],https://www.scout.mk/product/wild-flower-t-w-1808361/
WILDFIRE LOW W,Wildfire W Low 69020,,,"Чорапи за планинарење со мерино волна и коноп за дополнителна терморегулација, меки, дишливи и со заштита од триење.",https://www.scout.mk/wp-content/uploads/2022/05/69020-3961-600x600.jpg,[],[],https://www.scout.mk/product/wildfire-w-low-69020/
WINTER HIKING SO PANTS W,Winter Hiking SO Pants Women 1021-00320,"10,990.00ден","10,990.00ден","Панталони погодни за различни аутдор активности, Топли, дишливи,ветроодбивни од растеглив материјал со дополнителни странични патенти за вентилација",https://www.scout.mk/wp-content/uploads/2022/12/1021-00320-0001_main-600x600.png,"['36', '40']","['black', 'black']",https://www.scout.mk/product/winter-hiking-so-pants-women-1021-00320/
WISPER INS JKT W,Wisper Ins Jkt W 1111592,"16,990.00ден","16,990.00ден","Полнета Хардшел Јакна
Екстра топлотна изолација
Водоотпорност: 20.000mm
Дишливост: 15.000 g/m²/24h",https://www.scout.mk/wp-content/uploads/2022/10/1111592_1010_A020-600x600.png,['m'],['navy'],https://www.scout.mk/product/wisper-ins-jkt-w-1111592/
WISPER INS JKT W,WISPER INS JKT W,"14,790.00ден","14,790.00ден","Женска јакна
Водоотпорна, ветероотпорна",https://www.scout.mk/wp-content/uploads/2025/02/A61893-.jpg,"['l', 's']","['grey', 'grey']",https://www.scout.mk/product/wisper-ins-jkt-w/
WM DAY HIKE TRS IV,WM DAY HIKE TRS IV,"5,290.00ден",,Женски спортски стреч панталони,https://www.scout.mk/wp-content/uploads/2025/02/Web-version-RMJ247_B3N_P_A.jpg,"['12', '14', '16', '18']","['navy', 'navy', 'navy', 'navy']",https://www.scout.mk/product/wm-day-hike-trs-iv/
WM FINGAL EDITION,WM FINGAL EDITION,"1,490.00ден",,Женска спортска маица од лесен материјал,https://www.scout.mk/wp-content/uploads/2025/02/RWT231-07T.jpg,"['10', '10', '12', '12', '14', '14', '16', '16', '8']","['blue', 'blue', 'blue', 'blue', 'blue', 'bordeaux', 'bordeaux', 'bordeaux', 'bordeaux']",https://www.scout.mk/product/wm-fingal-edition/
WMN HGH STCH PD JKT IV,WmnHghStchPdJKTIV W RWP397,"8,590.00ден",,Јакна,https://www.scout.mk/wp-content/uploads/2024/12/RWP397-800.jpg,"['10', '12', '16']","['violet', 'violet', 'violet']",https://www.scout.mk/product/wmnhghstchpdjktiv-w-rwp397/
WMN HILL PK B/WII,WmnHillpkB/WII W RWB134,"3,390.00ден",,Елек,https://www.scout.mk/wp-content/uploads/2024/12/RWB134-800.jpg,"['12', '12', '14']","['bordeaux', 'navy', 'navy']",https://www.scout.mk/product/wmnhillpkb-wii-w-rwb134/
WMN HILLPACK II,WmnHillpackII W RWN297,"3,690.00ден",,Јакна,https://www.scout.mk/wp-content/uploads/2024/12/RWN297-16E.jpg,"['10', '12', '14']","['pink', 'pink', 'pink']",https://www.scout.mk/product/wmnhillpackii-w-rwn297/
WmnClumberVHyb W RWN298,WmnClumberVHyb W RWN298,,,хибрид,https://www.scout.mk/wp-content/uploads/2024/12/RWN298-J9W.jpg,[],[],https://www.scout.mk/product/wmnclumbervhyb-w-rwn298/
WMNS AREC III,WMN SAREC III,"4,590.00ден",,Женска спортска јакна софтшел,https://www.scout.mk/wp-content/uploads/2025/02/RWL217-8001.jpg,"['10', '12', '14']","['black', 'black', 'black']",https://www.scout.mk/product/wmn-sarec-iii/
WMS ANDRESON VIII,WMS ANDRESON VIII,"4,590.00ден",,"Спортска Женска Jакна
Топлинска изолација
Водоотпорна и ветероотпорна",https://www.scout.mk/wp-content/uploads/2025/02/RWN275-X8Z10.jpg,"['10', '12']","['red', 'red']",https://www.scout.mk/product/wms-andreson-viii/
Wms Highton Trs W RWJ217,Wms Highton Trs W RWJ217,,,Панталони,https://www.scout.mk/wp-content/uploads/2024/12/rwj217-03.jpg,[],[],https://www.scout.mk/product/wms-highton-trs-w-rwj217/
WMS NEW HILL,WmsNewhill W RWA596,"4,290.00ден","4,290.00ден",Флис,https://www.scout.mk/wp-content/uploads/2024/12/RWA596-YAN.jpg,"['10', '10', '12', '12', '14', '14', '16', '16']","['sky', 'sky', 'sky', 'sky', 'violet', 'violet', 'violet', 'violet']",https://www.scout.mk/product/wmsnewhill-w-rwa596/
WMS PACK IT O/TRS,Wms Pack It O/Trs RWW158,"2,190.00ден",,"Надпанталони
Водоотпорни и ветероотпорни
Водоотпорност: 5.000 mm
Дишливост: 5.000 > g/m²/24h
Се пакуваат во мала торбичка",https://www.scout.mk/wp-content/uploads/2023/05/RWW158_800_P_-600x600.jpg,"['l', 's']","['black', 'black']",https://www.scout.mk/product/wms-pack-it-o-trs-rww158/
Woman 3/4 Tights 3C88376T,Woman 3/4 Tights 3C88376T,"2,190.00ден","2,190.00ден","Мултифункционални стреч 3/4 бермуди, брзосушечки и изработени од полиестер и еластин",https://www.scout.mk/wp-content/uploads/2023/04/3C88376T_20ML_A-3-600x600.jpg,"['36', '38', '40']","['blue', 'blue', 'blue']",https://www.scout.mk/product/woman-3-4-tights-3c88376t/
Woman Bermuda 30T6666,Woman Bermuda 30T6666,"3,990.00ден",,"Бермуди
Изработени од четиринасоно растеглив рип-стоп материјал со УВ30 заштита",https://www.scout.mk/wp-content/uploads/2021/07/30T6666_U423-600x600.jpg,['42'],['grey'],https://www.scout.mk/product/woman-bermuda-30t6666/
Woman Bermuda 33T5486,Woman Bermuda 33T5486,"3,490.00ден",,"Бермуди, брзосушечки и четиринасочно растегливи, со УВ 22",https://www.scout.mk/wp-content/uploads/2023/04/33T5486_L430_A-600x600.png,"['38', '40', '42']","['black', 'black', 'black']",https://www.scout.mk/product/woman-bermuda-33t5486/
Woman Bermuda 33T5486,Не е достапно,"3,490.00ден",,"Бермуди, брзосушечки и четиринасочно растегливи, со УВ 22",https://www.scout.mk/wp-content/uploads/2024/04/33T5486_E452_A-4.png,"['36', '36', '38', '38', '40', '40', '42']","['black', 'black', 'black', 'black', 'green', 'green', 'green']",https://www.scout.mk/product/woman-bermuda-33t5486-2/
Woman Bermuda 3T58666,Woman Bermuda 3T58666,"3,490.00ден",,"Бермуди, четиринасочно растегливи и изработени од полиестер и еластин",https://www.scout.mk/wp-content/uploads/2021/02/3T58666_B880_A-600x600.jpg,"['36', '36']","['blue', 'turquoise']",https://www.scout.mk/product/woman-bermuda-3t58666/
Woman Co T-Shirt 39T5676P,Woman Co T-Shirt 39T5676P,790.00ден,,"Маичка од антибактериски материјал со технологија Dry Function, која помага да се отстрани потта и го одржува природното регулирање на температурата на телото.",https://www.scout.mk/wp-content/uploads/2024/04/39T5676P_B504_A.png,['40'],['blue'],https://www.scout.mk/product/woman-co-t-shirt-39t5676p/
Woman Down Vest Snaps Hood 30K3846,Woman Down Vest Snaps Hood 30K3846,,,"Полнет Елек со капуљача
Полнет со вештачко полнење Thinsulate (Featherless-FP 700)",https://www.scout.mk/wp-content/uploads/2020/11/30K3846_U887_A-600x600.jpg,[],[],https://www.scout.mk/product/woman-down-vest-snaps-hood-30k3846/
Woman Fleece Hat 6505704,Woman Fleece Hat 6505704,690.00ден,,Женска трака за глава од флис,https://www.scout.mk/wp-content/uploads/2022/12/6505704_A143_A-600x600.png,[],['violet'],https://www.scout.mk/product/woman-fleece-hat-6505704/
Woman Fleece Hat 6505704,Не е достапно,890.00ден,,Класично капче направено од полар и достапно во различни нијанси. Совршено за постудените денови.,https://www.scout.mk/wp-content/uploads/2024/02/6505704_A143_A-1-600x600.png,"['u', 'u', 'u', 'u']","['blue', 'orange', 'pink', 'white']",https://www.scout.mk/product/woman-fleece-hat-6505704-2/
Woman Fleece Headband 6534000,Woman Fleece Headband 6534000,690.00ден,,Женска трака за глава од флис,https://www.scout.mk/wp-content/uploads/2022/12/6534000_A143_A-600x600.png,[],"['black', 'orange']",https://www.scout.mk/product/woman-fleece-headband-6534000/
Woman Hat 6505501,6505501-B870,"1,090.00ден",,Флис капа,https://www.scout.mk/wp-content/uploads/2022/12/6505501_B870_A-600x600.png,"['36', '36']","['blue', 'turquoise']",https://www.scout.mk/product/woman-hat-6505501/
Woman Hat 6505722,Woman Hat 6505722,"1,190.00ден",,Капа,https://www.scout.mk/wp-content/uploads/2024/04/6505722_A425_A.png,"['u', 'u']","['blue', 'pink']",https://www.scout.mk/product/woman-hat-6505722/
Woman Jacket 30G7486,Woman Jacket 30G7486,"3,490.00ден","3,490.00ден","Флис
Високо дишлив и топол полар",https://www.scout.mk/wp-content/uploads/2022/12/30G7486_B870_A-600x600.png,"['38', '40']","['pink', 'pink']",https://www.scout.mk/product/woman-jacket-30g7486/
Woman Jacket 30H5866,Woman Jacket 30H5866,"3,490.00ден","3,490.00ден","Флис без капуњача
Тенок, изработен од плетен полиестер",https://www.scout.mk/wp-content/uploads/2023/04/30H5866_24CN_A-600x600.png,"['36', '40', '42']","['blue', 'blue', 'blue']",https://www.scout.mk/product/woman-jacket-30h5866/
Woman Jacket 30H5866,Не е достапно,"3,490.00ден","3,490.00ден","Флис без капуљача
Тенок, изработен од плетен полиестер",https://www.scout.mk/wp-content/uploads/2024/04/30H5866_19ER_A-9.png,"['36', '38', '38', '40', '40', '42', '42']","['green', 'green', 'green', 'pink', 'pink', 'pink', 'pink']",https://www.scout.mk/product/woman-jacket-30h5866-2/
WOMAN JACKET 38P1536,WOMAN JACKET 38P1536,"3,990.00ден",,Женски полар,https://www.scout.mk/wp-content/uploads/2023/11/38P1536_M813_A-600x600.png,"['d36', 'd38', 'd40', 'd40']","['blue', 'blue', 'pink', 'pink']",https://www.scout.mk/product/woman-jacket-38p1536/
Woman Jacket 3C46776T,Woman Jacket 3C46776T,"4,190.00ден",,"Јакна шушкавец
Водоодбивна и ветероодбивна
се пакува во еден од џебовите",https://www.scout.mk/wp-content/uploads/2023/04/3C46776T_L430_A-600x600.png,"['38', '38', '40', '42', '44']","['black', 'black', 'black', 'black', 'turquoise']",https://www.scout.mk/product/woman-jacket-3c46776t/
Woman Jacket 3C46776T,Не е достапно,"4,190.00ден",,Јакна шушкавец со практична опција за пакување во еден од џебовите,https://www.scout.mk/wp-content/uploads/2024/04/3C46776T_L607_A.png,"['36', '36', '38', '38', '40', '42']","['black', 'black', 'black', 'black', 'blue', 'blue']",https://www.scout.mk/product/woman-jacket-3c46776t-2/
Woman Jacket 3H14746,Woman Jacket 3H14746,"3,690.00ден",,"Плетен Флис
Високо дишлив и топол",https://www.scout.mk/wp-content/uploads/2022/12/3H14746_02EM_A-600x600.png,"['40', 'd36', 'd38', 'd40', 'd42']","['blue', 'grey', 'grey', 'grey', 'grey', 'turquoise']",https://www.scout.mk/product/woman-jacket-3h14746/
WOMAN JACKET FIX HOOD,WOMAN JACKET FIX HOOD,,,Женска спортска јакна,https://www.scout.mk/wp-content/uploads/2025/02/33Z1636-E62.jpg,[],[],https://www.scout.mk/product/woman-jacket-fix-hood/
Woman Jacket Fix Hood 30H5856,Woman Jacket Fix Hood 30H5856,"4,190.00ден","4,190.00ден","Флис со капуњача
Тенок, изработен од плетен полиестер",https://www.scout.mk/wp-content/uploads/2023/04/30H5856_33LN_A-600x600.png,"['38', '44']","['blue', 'blue']",https://www.scout.mk/product/woman-jacket-fix-hood-30h5856/
Woman Jacket Fix Hood 32G3776,Woman Jacket Fix Hood 32G3776,,,"Високо еластичен, дишлив и технички флис",https://www.scout.mk/wp-content/uploads/2022/12/32G3776_B870_A-600x600.png,[],[],https://www.scout.mk/product/woman-jacket-fix-hood-32g3776/
Woman Jacket Fix Hood 33H1966,Woman Jacket Fix Hood 33H1966,"5,190.00ден",,Плетен филс со дезен,https://www.scout.mk/wp-content/uploads/2024/02/33H1966_13YP_A-4-600x600.png,['d40'],['red'],https://www.scout.mk/product/woman-jacket-fix-hood-33h1966/
Woman Jacket Fix Hood 33K1656,Woman Jacket Fix Hood 33K1656,"6,590.00ден",,Женска полнета јакна со капуљача,https://www.scout.mk/wp-content/uploads/2024/02/33K1656_C919_A-5-600x600.png,"['d36', 'd38', 'd38', 'd40', 'd40', 'd42']","['blue', 'blue', 'red', 'red', 'red', 'red']",https://www.scout.mk/product/woman-jacket-fix-hood-33k1656/
WOMAN JACKET FIX HOOD 33Z1636,WOMAN JACKET FIX HOOD 33Z1636,"5,590.00ден",,,https://www.scout.mk/wp-content/uploads/2023/11/33Z1636_N950_A-6-600x600.png,"['d36', 'd38', 'd40', 'd42']","['black', 'black', 'pink', 'pink', 'pink', 'pink']",https://www.scout.mk/product/woman-jacket-fix-hood-33z1636/
Woman Jacket Fix Hood 38P1546,Woman Jacket Fix Hood 38P1546,"4,490.00ден",,Женски флис со висока крагња и капуљача,https://www.scout.mk/wp-content/uploads/2024/02/38P1546_C919_A-4-600x600.png,"['d36', 'd36', 'd38', 'd38', 'd40']","['blue', 'blue', 'red', 'red', 'red']",https://www.scout.mk/product/woman-jacket-fix-hood-38p1546/
WOMAN JACKET FIX HOOD DETACHBLE INN.JACKET,WOMAN JACKET FIX HOOD DETACHBLE INN.JACKET,"7,390.00ден",,"Женска јакна 3 во 1, внатрешноста е изработена од поларен флис
Горниот дел се отстранува
Водоотпорна и ветероотпорна",https://www.scout.mk/wp-content/uploads/2025/02/32Z1436D_H907_A-3.png,"['d36', 'd38', 'd38', 'd40', 'd40', 'd42']","['bordeaux', 'bordeaux', 'grey', 'grey', 'grey', 'grey']",https://www.scout.mk/product/woman-jacket-fix-hood-detachble-inn-jacket/
Woman Jacket Fix Hood Hybrid 32E4296,Woman Jacket Fix Hood Hybrid 32E4296,"5,490.00ден","5,490.00ден","Хибрид Јакна / Комбинација на софтшел и полнети делови
Полнета со вештачко полнење на осетливите делови од телото",https://www.scout.mk/wp-content/uploads/2022/12/32E4296_M916_A-600x600.png,['40'],['grey'],https://www.scout.mk/product/woman-jacket-fix-hood-hybrid-32e4296/
Woman Jacket Hybrid Fix Hood 32H2026,Woman Jacket Hybrid Fix Hood 32H2026,"5,490.00ден","5,490.00ден","Хибрид Јакна / Комбинација на плетен флис и полнети делови
Полнета со вештачко полнење на осетливите делови од телото",https://www.scout.mk/wp-content/uploads/2022/12/32H2026_A143_A-600x600.png,"['38', '40', '40']","['stilston', 'stilston', 'turquoise']",https://www.scout.mk/product/woman-jacket-hybrid-fix-hood-32h2026/
WOMAN JACKET HYBRID FIX HOOD 33H1876,WOMAN JACKET HYBRID FIX HOOD 33H1876,"5,990.00ден","5,990.00ден",Женска хибридна јакна со капуљача,https://www.scout.mk/wp-content/uploads/2023/11/33H1876_U901_A-600x600.png,"['d36', 'd36', 'd36', 'd38', 'd38', 'd38', 'd40', 'd40', 'd40', 'd42', 'd42', 'd42', 'd44', 'd44', 'd46', 'd46', 'd48']","['black', 'black', 'black', 'black', 'black', 'black', 'black', 'pink', 'pink', 'pink', 'pink', 'pink', 'pink', 'white', 'white', 'white', 'white']",https://www.scout.mk/product/woman-jacket-hybrid-fix-hood-33h1876/
Woman Jacket Rain Fix Hood 31X7296,Woman Jacket Rain Fix Hood 31X7296,,,"Хардшел Јакна,
Ветроодбивна и водоотпорна јакна. Водоотпорност 5 000WP
Се пакува",https://www.scout.mk/wp-content/uploads/2024/04/31X7296_E421_A-4.png,[],[],https://www.scout.mk/product/woman-jacket-rain-fix-hood-31x7296/
Woman Jacket Zip Hood 33Z5026,Woman Jacket Zip Hood 33Z5026,"5,990.00ден",,"Хардшел Јакна,
Ветроодбивна и водоотпорна јакна. Водоотпорност 10 000WP Дишливост 4 000g/m2/24h",https://www.scout.mk/wp-content/uploads/2023/04/33Z5026_M916_A-600x600.png,['36'],['turquoise'],https://www.scout.mk/product/woman-jacket-zip-hood-33z5026/
Woman Jacket Zip Hood 34Z5116,Woman Jacket Zip Hood 34Z5116,"5,490.00ден",,"Јакна дизајнирана за секакви авантури на отворено при неповолни временски услови. Водоотпорна и дишлива (10.000, MVP 4.000) со целосно залепени шавови и водоотпорни патенти за заштита од временските услови.",https://www.scout.mk/wp-content/uploads/2024/04/34Z5116_E452_A-5.png,"['36', '40']","['blue', 'blue']",https://www.scout.mk/product/woman-jacket-zip-hood-34z5116/
Woman Jacket Zip Hood 39A5006,Woman Jacket Zip Hood 39A5006,"4,990.00ден","4,990.00ден","Водоотпорна Софтшел Јакна
Изработена од средно дебел софтшел материјал
Водоотпорност: 7.000mm
Дишливост: 1.000mm",https://www.scout.mk/wp-content/uploads/2022/12/39A5006_22UM_A-600x600.png,"['36', '38', 'd36', 'd38', 'd38', 'd40', 'd40']","['blue', 'blue', 'blue', 'blue', 'pink', 'pink', 'pink', 'red', 'red', 'red']",https://www.scout.mk/product/woman-jacket-zip-hood-39a5006/
Woman Jacket Zip Hood 39A5016,Woman Jacket Zip Hood 39A5016,"5,590.00ден",,"Водоотпорна Софтшел Јакна
Изработена од лесен софтшел материјал
Водоотпорност: 8.000mm
Дишливост: 3.000mm",https://www.scout.mk/wp-content/uploads/2023/04/39A5016_00UN_A-600x600.png,"['36', '40']","['turquoise', 'turquoise']",https://www.scout.mk/product/woman-jacket-zip-hood-39a5016/
Woman Jacket Zip Hood 39A5016,Не е достапно,"3,913.00ден","5,590.00ден","Водоотпорна Софтшел Јакна
Изработена од лесен софтшел материјал
Водоотпорност: 8.000mm
Дишливост: 3.000mm",https://www.scout.mk/wp-content/uploads/2024/04/39A5016_B557_A.png,"['36', '38', '38']","['green', 'green', 'pink']",https://www.scout.mk/product/woman-jacket-zip-hood-39a5016-2/
Woman Jacket Zip Hood 39A5016M,Не е достапно,"5,590.00ден","5,590.00ден",Женска софтшел јакна (180g/m) со средна дебелина и капуљача на вадење,https://www.scout.mk/wp-content/uploads/2024/04/39A5016M_00LR_A.png,"['36', '38', '38', '40', '42', '44']","['blue', 'blue', 'pink', 'pink', 'pink', 'pink']",https://www.scout.mk/product/woman-jacket-zip-hood-39a5016m-2/
Woman Jacket Zip Hood Detachble Inn.Jacket 32Z1436D,Woman Jacket Zip Hood Detachble Inn.Jacket 32Z1436D,"7,390.00ден",,"Јакна 3во1
Составена од водоотпорен Hardshell со целосно залепени шавови
Водоотпорност: 5.000mm
Дишливост:3.000mm
Внатрешен топол и дишлив плетен флис",https://www.scout.mk/wp-content/uploads/2022/12/32Z1436D_B870_A-600x600.png,"['38', '40', '46', 'd38', 'd42']","['blue', 'blue', 'blue', 'grey', 'grey', 'pink', 'pink']",https://www.scout.mk/product/woman-jacket-zip-hood-detachble-inn-jacket-32z1436d/
Woman Knitted Hat 5505606,Woman Knitted Hat 5505606,990.00ден,,"Зимска капа погодна за секојдневна употреба како и за прошетки во планина. Изработена од рециклиран полиестер, еден од најодржливите текстилни влакна и покрај неговото синтетичко потекло.",https://www.scout.mk/wp-content/uploads/2024/02/5505606_A143_A-1-600x600.png,"['u', 'u', 'u', 'u']","['black', 'blue', 'white', 'white']",https://www.scout.mk/product/woman-knitted-hat-5505606/
Woman Knitted Hat 5505612,Woman Knitted Hat 5505612,"1,590.00ден",,"Зимска капа со моден детал погодна за секојдневна употреба како и за прошетки во планина. Изработена од рециклиран полиестер, еден од најодржливите текстилни влакна и покрај неговото синтетичко потекло.",https://www.scout.mk/wp-content/uploads/2024/02/5505612_A143_A-1-600x600.png,"['u', 'u']","['black', 'white']",https://www.scout.mk/product/woman-knitted-hat-5505612/
Woman Knitted Hat 5505620,Woman Knitted Hat 5505620,"1,690.00ден",,"Капа
Обложена со памучна ткаенина",https://www.scout.mk/wp-content/uploads/2022/12/5505620_A143_A-600x600.png,[],"['orange', 'stilston']",https://www.scout.mk/product/woman-knitted-hat-5505620/
WOMAN LONG PANT,WOMAN LONG PANT,"4,290.00ден","4,890.00ден","Женски зимски панталони, специјална клима – протект мембрана, со обликувани колена и шлицеви за поголема флексибилност и удобност",https://www.scout.mk/wp-content/uploads/2025/02/30A1456_U901_A-6-600x600.jpg,"['d38', 'd40', 'd42', 'd44', 'd44']","['black', 'black', 'black', 'black', 'black']",https://www.scout.mk/product/woman-long-pant/
Woman Long Pant 30A1456,Woman Long Pant 30A1456,"4,890.00ден",,"Водоотпорни Софтшел Панталони
Изработени од дебел софтшел материјал
Водоотпорност: 7.000mm
Дишливост: 3.000mm",https://www.scout.mk/wp-content/uploads/2020/12/30A1456_U887_A-600x600.jpg,"['d36', 'd38', 'd38', 'd40', 'd42', 'd42']","['black', 'black', 'grey', 'grey', 'grey', 'grey']",https://www.scout.mk/product/woman-long-pant-30a1456/
Woman Long Pant 31T7686,Woman Long Pant 31T7686,"5,490.00ден",,"Панталони кои комбинираат цврст дизајн со чиста удобност. Панелот против гребење (и напред и назад) ги зајакнува, додека ткаенината растеглива во 4 насоки обезбедува исклучителна леснотија при движење.",https://www.scout.mk/wp-content/uploads/2022/05/31T7686_U901_A-600x600.jpg,['40'],['black'],https://www.scout.mk/product/woman-long-pant-31t7686/
Woman Long Pant 32T7426,Woman Long Pant 32T7426,"3,490.00ден","3,490.00ден","Панталони, брзосушечки и четиринасочно растегливи",https://www.scout.mk/wp-content/uploads/2023/04/32T7426_U423_A-600x600.png,['42'],['grey'],https://www.scout.mk/product/woman-long-pant-32t7426/
Woman Long Pant 32T7426,Не е достапно,"3,490.00ден","3,490.00ден","Панталони, брзосушечки и четиринасочно растегливи",https://www.scout.mk/wp-content/uploads/2024/04/32T7426_E452_A-4.png,['40'],['green'],https://www.scout.mk/product/woman-long-pant-32t7426-2/
Woman Long Pant 3A00486N,Woman Long Pant 3A00486N,"4,290.00ден","4,790.00ден","Водоотпорни Софтшел Панталони
Изработени од средно дебел софтшел материјал
Водоотпорност: 7.000mm
Дишливост: 1.000mm",https://www.scout.mk/wp-content/uploads/2022/12/3A00486N_U423_A-600x600.png,"['36', '38', '40', '42', '44', '46', 'd36', 'd38', 'd40', 'd42']","['black', 'grey', 'grey', 'grey', 'grey', 'grey', 'grey', 'grey', 'grey', 'grey']",https://www.scout.mk/product/woman-long-pant-3a00486n/
Woman Pant 30T2316,Woman Pant 30T2316,"6,990.00ден",,"Панталони
Изработени од четиринасоно растеглив рип-стоп материјал со УВ30 заштита",https://www.scout.mk/wp-content/uploads/2022/12/30T2316_13MM_A-600x600.png,['44'],['blue'],https://www.scout.mk/product/woman-pant-30t2316/
Woman Shirt 32T1486,Woman Shirt 32T1486,"4,290.00ден",,Женска кошула од брзосушечки материјал,https://www.scout.mk/wp-content/uploads/2024/02/32T1486_53ZP_A-4-600x600.png,"['d36', 'd38', 'd38', 'd40', 'd40', 'd42', 'd42']","['blue', 'blue', 'blue', 'blue', 'red', 'red', 'red']",https://www.scout.mk/product/woman-shirt-32t1486/
Woman Shirt 33S5626,Woman Shirt 33S5626,"2,590.00ден",,"Техничка Кошула
Лесна, изработена од полиестер, со технологија против мирис од потење, со УВ 30",https://www.scout.mk/wp-content/uploads/2023/04/33S5626_57ZN_A-600x600.png,"['38', '40']","['turquoise', 'white']",https://www.scout.mk/product/woman-shirt-33s5626/
Woman Shirt 33S5636,Woman Shirt 33S5636,"2,290.00ден",,"Техничка Кошула
Лесна, изработена од полиестер, со технологија против мирис од потење, со УВ 43",https://www.scout.mk/wp-content/uploads/2023/04/33S5636_68ZN_A-600x600.png,['38'],['white'],https://www.scout.mk/product/woman-shirt-33s5636/
Woman Shorts With Inner Mesh Slip 3C89676T,Woman Shorts With Inner Mesh Slip 3C89676T,"1,990.00ден",,"Мултифинкционални бермуди поставени со мрежа, изработени од полиестер",https://www.scout.mk/wp-content/uploads/2021/02/3C89676T_49UG_A-600x600.jpg,"['38', '38', '44']","['black', 'black', 'violet']",https://www.scout.mk/product/woman-shorts-with-inner-mesh-slip-3c89676t/
WOMAN SWEAT 3G27836,WOMAN SWEAT 3G27836,"1,323.00ден",,Женски дебел полар,https://www.scout.mk/wp-content/uploads/2023/11/3G27836_L711_A-600x600.png,"['d36', 'd36', 'd38', 'd40', 'd40', 'd40', 'd42', 'd42']","['blue', 'blue', 'pink', 'pink', 'pink', 'white', 'white', 'white']",https://www.scout.mk/product/woman-sweat-3g27836/
Woman T-Shirt 30L3946,Woman T-Shirt 30L3946,"2,790.00ден","2,790.00ден",Маица со долг ракав со заоблен дизајн за активности на отворено со висок интензитет. Ткаенината Light Interlock за да обезбеди чувство на удобност и постојаност.Маица со долг ракав со заоблен дизајн за активности на отворено со висок интензитет. Ткаенината Light Interlock за да обезбеди чувство на удобност и постојаност.,https://www.scout.mk/wp-content/uploads/2022/12/30L3946_U423_A-600x600.png,['36'],['grey'],https://www.scout.mk/product/woman-t-shirt-30l3946/
WOMAN T-SHIRT 33N2716,WOMAN T-SHIRT 33N2716,,,Маица со долги ракави,https://www.scout.mk/wp-content/uploads/2023/11/33N2716_L711_A-600x600.png,[],[],https://www.scout.mk/product/woman-t-shirt-33n2716/
Woman T-Shirt 33N6316,Woman T-Shirt 33N6316,,,"Маичка со технологија Dry Function која подпомага за испарување на потта, одржувајќи го телото суво, и технологија за сузбивање мирис го намалува формирањето на непријатни мириси.",https://www.scout.mk/wp-content/uploads/2024/04/33N6316_B557_A-4.png,[],[],https://www.scout.mk/product/woman-t-shirt-33n6316/
Woman T-Shirt 38T6656,Woman T-Shirt 38T6656,"1,390.00ден",,"Маичка изработена е од материјал со UV заштита и технологија Dry-Function која гарантира пријатно чувство на сувост и удобност, дури и при поенергични активности.",https://www.scout.mk/wp-content/uploads/2024/04/38T6656_49MR_A.png,"['38', '40', '40']","['blue', 'green', 'green']",https://www.scout.mk/product/woman-t-shirt-38t6656/
Woman T-Shirt Free Bike 34N6936,Woman T-Shirt Free Bike 34N6936,"1,953.00ден","2,790.00ден","Маица со долги ракави, изработена од 4насочно растеглив материја. Технологијата Dry Function помага за испарување на потта и го одржува телото суво, додека третманот Cool Menthol Boost обезбедува пријатно чувство на свежина.",https://www.scout.mk/wp-content/uploads/2024/04/34N6936_E452_A-4.png,"['36', '40', '42', '44']","['blue', 'blue', 'blue', 'green']",https://www.scout.mk/product/woman-t-shirt-free-bike-34n6936/
Woman Top 32T7016,Woman Top 32T7016,"2,090.00ден",,"Техничка Маица без ракави
Лесна, изработена од полиестер, со технологија против мирис од потење, со УВ 40",https://www.scout.mk/wp-content/uploads/2023/04/32T7016_L312_A-600x600.png,"['38', '40', '42']","['blue', 'blue', 'turquoise']",https://www.scout.mk/product/woman-top-32t7016/
Woman Top 33N6196,Woman Top 33N6196,"1,990.00ден",,"Техничка Маица без ракави
Лесна, изработена од полиестер, со технологија против мирис од потење, со УВ 30",https://www.scout.mk/wp-content/uploads/2023/04/33N6196_C588_A-600x600.png,['40'],['blue'],https://www.scout.mk/product/woman-top-33n6196/
Woman Top 33N6196,Не е достапно,"1,990.00ден",,"Техничка Маица без ракави
Лесна, изработена од полиестер, со технологија против мирис од потење, со УВ 30",https://www.scout.mk/wp-content/uploads/2024/04/33N6196_U423_A-4.png,"['40', '40', '42', '42', '42']","['blue', 'blue', 'green', 'grey', 'grey']",https://www.scout.mk/product/woman-top-33n6196-2/
Woman Vest 33K1666,Woman Vest 33K1666,"6,490.00ден","6,490.00ден",Женски елек со синтетичко полнење,https://www.scout.mk/wp-content/uploads/2024/02/33K1666_A435_A-3-600x600.png,"['d36', 'd38', 'd40']","['stilston', 'stilston', 'stilston']",https://www.scout.mk/product/woman-vest-33k1666/
WOMAN VEST 3A01186,WOMAN VEST 3A01186,,,,https://www.scout.mk/wp-content/uploads/2023/11/3A01186_05NP_A-4-600x600.png,[],[],https://www.scout.mk/product/woman-vest-3a01186/
Woman Vest Fix Hood 32K3046,Woman Vest Fix Hood 32K3046,"6,190.00ден","6,190.00ден","Полнет елек / Елек со капуљача
Полнет со вештачко полнење",https://www.scout.mk/wp-content/uploads/2022/12/32K3046_C913_A-600x600.png,"['38', '40']","['berry', 'berry']",https://www.scout.mk/product/woman-vest-fix-hood-32k3046/
Woman Zip Off Pant 3T51446,Woman Zip Off Pant 3T51446,,,"Мулти – функционални панталони изработени од полиестер со четиринасочна растегливост е за да се обезбеди максимална слобода при движење. Технологијата Dry-Function го олеснува испарувањето на влагата и брзо сушење. Надворешниот дел е надополнет со анти-УВ третман. Имаат интегриран прилагодлив појас, два странични џебови и патент на коленото за да ги адаптирате во шорцеви.",https://www.scout.mk/wp-content/uploads/2024/04/3T51446_P753_A.png,[],[],https://www.scout.mk/product/woman-zip-off-pant-3t51446/
Womans Down Jacket 2224P-5WG-566,Womans Down Jacket 2224P-5WG-566,"18,990.00ден","18,990.00ден","Супер лесна и полнета јакна
Лице: 100% најлон
Постава: 100% најлон
Полнење: 90% пердув 10% даун пердув",https://www.scout.mk/wp-content/uploads/2022/09/2224P-5WG-566-600x600.jpg,"['42', '44']","['pink', 'pink']",https://www.scout.mk/product/womans-down-jacket-2224p-5wg-566/
Womans Down Jacket 2252-5WG-99,Womans Down Jacket 2252-5WG-99,"25,990.00ден","25,990.00ден","Супер лесна и полнета јакна
Лице: 100% најлон
Постава: 100% најлон
Полнење: 90% пердув 10% даун пердув",https://www.scout.mk/wp-content/uploads/2022/09/2252-5WG-99-600x600.jpg,"['44', '48']","['black', 'black']",https://www.scout.mk/product/womans-down-jacket-2252-5wg-99/
WOMEN’S YONDER II,Women'sYonderII W RWA660,"3,090.00ден",,Флис,https://www.scout.mk/wp-content/uploads/2024/12/RWA660-07T.jpg,"['10', '10', '12', '12', '14', '16', '16', '18']","['blue', 'blue', 'blue', 'blue', 'blue', 'bordeaux', 'bordeaux', 'bordeaux']",https://www.scout.mk/product/womensyonderii-w-rwa660/
WOMENS BIRCHDALE,WOMENS BIRCHDALE,"7,390.00ден",,"Спортска Женска Jакна
Топлина и флексибилност
Водоотпорна и ветероотпорна",https://www.scout.mk/wp-content/uploads/2025/02/RWW300_SZG_P_1-600x600.jpg,"['10', '12', '12', '14', '16']","['blue', 'blue', 'blue', 'blue', 'turquoise']",https://www.scout.mk/product/womens-birchdale/
Womens Hepley W RWA512,Womens Hepley W RWA512,,,Флис,https://www.scout.mk/wp-content/uploads/2024/12/RWA512-0R1.jpg,[],[],https://www.scout.mk/product/womens-hepley-w-rwa512/
WOMENS MONTES,WOMENS MONTES,"1,990.00ден",,"Женска спортска блуза, халфзип, флис Монтес",https://www.scout.mk/wp-content/uploads/2025/02/RWA240_Z7D_P_A-4-600x600.jpg,"['10', '10', '12', '12', '12', '14', '14', '14', '16', '16', '16']","['blue', 'blue', 'blue', 'bordeaux', 'bordeaux', 'bordeaux', 'bordeaux', 'navy', 'navy', 'navy', 'navy']",https://www.scout.mk/product/womens-montes/
WOMENS WENTWOOD IX,WomensWentwoodIX W RWP393,"12,290.00ден",,3/1 Јакна,https://www.scout.mk/wp-content/uploads/2024/12/RWP393-600x600.jpg,"['10', '12']","['navy', 'navy']",https://www.scout.mk/product/womenswentwoodix-w-rwp393/
YONDER W,Yonder W RWT161,"2,890.00ден",,"Флис (прв слој) со полупатент
Изработен од стреч материјал со лесна топлотна изолација",https://www.scout.mk/wp-content/uploads/2023/12/RWT161_BRH_P_1-600x600.jpg,"['10', '10', '10', '12', '12', '12', '12', '14', '14', '14', '18', '20']","['bordeaux', 'bordeaux', 'bordeaux', 'green', 'green', 'orange', 'orange', 'orange', 'pink', 'pink', 'pink', 'pink']",https://www.scout.mk/product/yonder-w-rwt161/
